,Sector
AJ네트웍스,산업용 기계 및 장비 임대업
AJ렌터카,운송장비 임대업
AK홀딩스,기타 금융업
AP우주통신,전자부품 제조업
BGF,종합 소매업
BGF리테일,종합 소매업
BHK,상품 종합 도매업
BNK금융지주,기타 금융업
BYC,봉제의복 제조업
C&우방,건물 건설업
C&중공업,자동차용 엔진 및 자동차 제조업
CJ,기타 금융업
CJ CGV,"영화, 비디오물, 방송프로그램 제작 및 배급업"
CJ대한통운,도로 화물 운송업
CJ씨푸드,기타 식품 제조업
CJ제일제당,기타 식품 제조업
CJ헬로,텔레비전 방송업
CS홀딩스,기타 금융업
DB,"컴퓨터 프로그래밍, 시스템 통합 및 관리업"
DB금융투자,금융 지원 서비스업
DB손해보험,보험업
DB하이텍,반도체 제조업
DGB금융지주,기타 금융업
DRB동일,기타 금융업
DSR,1차 비철금속 제조업
DSR제강,1차 철강 제조업
E1,기타 전문 도매업
F&F,봉제의복 제조업
FnC코오롱,봉제의복 제조업
GBS,기타 금속 가공제품 제조업
GKL,유원지 및 기타 오락관련 서비스업
GPS,전자부품 제조업
GS,기타 금융업
GS건설,건물 건설업
GS글로벌,상품 종합 도매업
GS리테일,종합 소매업
HDC,건물 건설업
HDC아이콘트롤스,전기 및 통신 공사업
HDC현대EP,기타 화학제품 제조업
HDC현대산업개발,건물 건설업
HSD엔진,일반 목적용 기계 제조업
JB금융지주,기타 금융업
JS전선,절연선 및 케이블 제조업
JW생명과학,의약품 제조업
JW중외제약,의약품 제조업
JW홀딩스,기타 금융업
KB금융,기타 금융업
KB손해보험,보험업
KB캐피탈,기타 금융업
KC그린홀딩스,기타 금융업
KC코트렐,일반 목적용 기계 제조업
KEC,반도체 제조업
KEP전자,전자부품 제조업
KG케미칼,기초 화학물질 제조업
KISCO홀딩스,기타 금융업
KNC,통신 및 방송 장비 제조업
KPX케미칼,기초 화학물질 제조업
KPX홀딩스,기타 금융업
KR모터스,그외 기타 운송장비 제조업
KSS해운,해상 운송업
KTB투자증권,금융 지원 서비스업
KTF,전기 통신업
KTcs,기타 정보 서비스업
LF,봉제의복 제조업
LG,기타 금융업
LGEI,회사 본부 및 경영 컨설팅 서비스업
LG금속,1차 비철금속 제조업
LG데이콤,전기 통신업
LG디스플레이,전자부품 제조업
LG상사,상품 중개업
LG생명과학,의약품 제조업
LG생활건강,기타 화학제품 제조업
LG석유화학,기초 화학물질 제조업
LG유플러스,전기 통신업
LG이노텍,전자부품 제조업
LG전자,통신 및 방송 장비 제조업
LG정보,통신 및 방송 장비 제조업
LG종합금융,기타 금융업
LG카드,기타 금융업
LG파워콤,전기 통신업
LG하우시스,플라스틱제품 제조업
LG화학,기초 화학물질 제조업
LIG넥스원,무기 및 총포탄 제조업
LS,기타 금융업
LS네트웍스,상품 종합 도매업
LS산전,"전동기, 발전기 및 전기 변환 · 공급 · 제어 장치 제조업"
LS전선아시아,기타 금융업
MH에탄올,알코올음료 제조업
NAVER,"자료처리, 호스팅, 포털 및 기타 인터넷 정보매개 서비스업"
NHN엔터테인먼트,소프트웨어 개발 및 공급업
NH농협증권,금융 지원 서비스업
NH투자증권,금융 지원 서비스업
NICE,회사 본부 및 경영 컨설팅 서비스업
NI스틸,1차 철강 제조업
OCI,기초 화학물질 제조업
S&TC,일반 목적용 기계 제조업
S&T모티브,자동차 신품 부품 제조업
S&T중공업,자동차 신품 부품 제조업
S&T홀딩스,기타 금융업
S-Oil,석유 정제품 제조업
SBI모기지,기타 금융업
SBS,텔레비전 방송업
SBS미디어홀딩스,기타 금융업
SG세계물산,상품 종합 도매업
SG충방,자동차 신품 부품 제조업
SH에너지화학,기초 화학물질 제조업
SIMPAC,특수 목적용 기계 제조업
SK,기타 금융업
SKC,기타 화학제품 제조업
SKf,회사 본부 및 경영 컨설팅 서비스업
SK가스,기타 전문 도매업
SK네트웍스,기타 전문 도매업
SK디스커버리,기타 금융업
SK디앤디,부동산 임대 및 공급업
SK이노베이션,기타 금융업
SK증권,금융 지원 서비스업
SK케미칼,합성고무 및 플라스틱 물질 제조업
SK텔레콤,전기 통신업
SK하이닉스,반도체 제조업
SPC삼립,기타 식품 제조업
STX,상품 종합 도매업
STX엔진,일반 목적용 기계 제조업
STX조선해양,선박 및 보트 건조업
STX중공업,일반 목적용 기계 제조업
SY,동물용 사료 및 조제식품 제조업
TCC동양,1차 철강 제조업
WISCOM,플라스틱제품 제조업
YG PLUS,"인형,장난감 및 오락용품 제조업"
가온전선,절연선 및 케이블 제조업
갑을,"섬유제품 염색, 정리 및 마무리 가공업"
갑을방적,방적 및 가공사 제조업
강남제비스코,기타 화학제품 제조업
강원랜드,유원지 및 기타 오락관련 서비스업
강원산업,1차 철강 제조업
강원은행,은행 및 저축기관
갤럭시아에스엠,스포츠 서비스업
거성산업,"건축자재, 철물 및 난방장치 도매업"
건영,건물 건설업
경기은행,은행 및 저축기관
경남기업,건물 건설업
경남모직,직물직조 및 직물제품 제조업
경남에너지,연료용 가스 제조 및 배관공급업
경남은행,은행 및 저축기관
경남은행f,은행 및 저축기관
경남종합금융,기타 금융업
경농,"비료, 농약 및 살균, 살충제 제조업"
경동나비엔,가정용 기기 제조업
경동도시가스,연료용 가스 제조 및 배관공급업
경동산업,기타 금속 가공제품 제조업
경동인베스트,기타 금융업
경방,방적 및 가공사 제조업
경보제약,기초 의약물질 및 생물학적 제제 제조업
경인양행,기초 화학물질 제조업
경인전자,전자부품 제조업
경향건설,토목 건설업
계룡건설산업,토목 건설업
계몽사,"서적, 잡지 및 기타 인쇄물 출판업"
계양전기,일반 목적용 기계 제조업
고덴시,반도체 제조업
고려개발,토목 건설업
고려산업,"곡물가공품, 전분 및 전분제품 제조업"
고려석유화학,기초 화학물질 제조업
고려시멘트f,"시멘트, 석회, 플라스터 및 그 제품 제조업"
고려아연,1차 비철금속 제조업
고려제강,1차 철강 제조업
고려종합금융,기타 금융업
고려증권,금융 지원 서비스업
고려화학,기타 화학제품 제조업
고제,기타 식품 제조업
고합,기초 화학물질 제조업
고합물산,기타 전문 도매업
골든브릿지증권,금융 지원 서비스업
공영토건,건물 건설업
광덕물산,봉제의복 제조업
광동제약,의약품 제조업
광명전기,"전동기, 발전기 및 전기 변환 · 공급 · 제어 장치 제조업"
광전자,반도체 제조업
광주신세계,종합 소매업
광주은행,은행 및 저축기관
광주은행f,은행 및 저축기관
교보증권,금융 지원 서비스업
국도화학,기초 화학물질 제조업
국동,생활용품 도매업
국민은행,은행 및 저축기관
국민은행f,은행 및 저축기관
국보,도로 화물 운송업
국제약품,의약품 제조업
굿모닝신한증권,금융 지원 서비스업
그린손해보험,보험업
그린케미칼,기타 화학제품 제조업
극동유화,석유 정제품 제조업
극동전선,절연선 및 케이블 제조업
극동제혁,"가죽, 가방 및 유사제품 제조업"
글로스텍,반도체 제조업
금강공업,1차 철강 제조업
금강피혁,"가죽, 가방 및 유사제품 제조업"
금강화섬,방적 및 가공사 제조업
금경,기타 전문 도매업
금비,유리 및 유리제품 제조업
금성계전,"전동기, 발전기 및 전기 변환 · 공급 · 제어 장치 제조업"
금성기전,"전동기, 발전기 및 전기 변환 · 공급 · 제어 장치 제조업"
금성통신,통신 및 방송 장비 제조업
금양,기초 화학물질 제조업
금하방직,방적 및 가공사 제조업
금호건설,토목 건설업
금호산업,건물 건설업
금호석유화학,기초 화학물질 제조업
금호에이치티,자동차 신품 부품 제조업
금호전기,전구 및 조명장치 제조업
금호케미칼,합성고무 및 플라스틱 물질 제조업
금호타이어,고무제품 제조업
기라정보통신,통신 및 방송 장비 제조업
기린,기타 식품 제조업
기산,건물 건설업
기신정기,특수 목적용 기계 제조업
기아자동차,자동차용 엔진 및 자동차 제조업
기아자동차판매,자동차 판매업
기업은행,은행 및 저축기관
까뮤이앤씨,건물 건설업
깨끗한나라,"펄프, 종이 및 판지 제조업"
나노메딕스,일반 목적용 기계 제조업
나라종금,기타 금융업
나우정밀,전자부품 제조업
남광토건,토목 건설업
남선물산,방적 및 가공사 제조업
남선알미늄,1차 비철금속 제조업
남성,기타 전문 도매업
남양,기타 섬유제품 제조업
남양유업,낙농제품 및 식용빙과류 제조업
남영비비안,봉제의복 제조업
남한제지,"펄프, 종이 및 판지 제조업"
남해화학,"비료, 농약 및 살균, 살충제 제조업"
넥상스코리아,절연선 및 케이블 제조업
넥센,기타 금융업
넥센타이어,고무제품 제조업
넥솔론,반도체 제조업
넥스트사이언스,기타 비금속광물 광업
넷마블,소프트웨어 개발 및 공급업
노루페인트,기타 화학제품 제조업
노루홀딩스,기타 금융업
녹십자,의약품 제조업
녹십자홀딩스,회사 본부 및 경영 컨설팅 서비스업
논노,봉제의복 제조업
농심,기타 식품 제조업
농심홀딩스,기타 금융업
뉴맥스,컴퓨터 및 주변장치 제조업
다스코,"구조용 금속제품, 탱크 및 증기발생기 제조업"
다우기술,"자료처리, 호스팅, 포털 및 기타 인터넷 정보매개 서비스업"
다함이텍,회사 본부 및 경영 컨설팅 서비스업
대교,초등 교육기관
대구백화점,종합 소매업
대구은행,은행 및 저축기관
대구종합금융,기타 금융업
대덕GDS,전자부품 제조업
대덕전자,전자부품 제조업
대동공업,특수 목적용 기계 제조업
대동전자,통신 및 방송 장비 제조업
대림비앤코,"내화, 비내화 요업제품 제조업"
대림산업,토목 건설업
대림씨엔에스,"시멘트, 석회, 플라스터 및 그 제품 제조업"
대림통상,기타 금속 가공제품 제조업
대상,기타 식품 제조업
대상교역,기타 전문 도매업
대상홀딩스,기타 금융업
대선주조,알코올음료 제조업
대성산업,연료 소매업
대성에너지,연료용 가스 제조 및 배관공급업
대성자원,석탄 광업
대성합동지주,회사 본부 및 경영 컨설팅 서비스업
대성홀딩스,회사 본부 및 경영 컨설팅 서비스업
대신증권,금융 지원 서비스업
대아리드선,전자부품 제조업
대양금고,은행 및 저축기관
대양금속,1차 철강 제조업
대영포장,"골판지, 종이 상자 및 종이용기 제조업"
대우,기타 전문 도매업
대우건설,건물 건설업
대우부품,자동차 신품 부품 제조업
대우송도개발,자동차 판매업
대우전자,전자부품 제조업
대우정밀공업,자동차 신품 부품 제조업
대우조선해양,선박 및 보트 건조업
대우중공업,일반 목적용 기계 제조업
대우증권스팩,기타 금융업
대우통신,통신 및 방송 장비 제조업
대웅,기타 금융업
대웅제약,의약품 제조업
대원강업,자동차 신품 부품 제조업
대원전선,절연선 및 케이블 제조업
대원제약,의약품 제조업
대원화성,플라스틱제품 제조업
대유에이텍,자동차 신품 부품 제조업
대유플러스,통신 및 방송 장비 제조업
대일화학,의약품 제조업
대창,1차 비철금속 제조업
대창단조,자동차 신품 부품 제조업
대한모방,직물직조 및 직물제품 제조업
대한방직,직물직조 및 직물제품 제조업
대한알미늄,1차 비철금속 제조업
대한유화,기초 화학물질 제조업
대한은박지,1차 비철금속 제조업
대한전선,절연선 및 케이블 제조업
대한제강,1차 철강 제조업
대한제당,"곡물가공품, 전분 및 전분제품 제조업"
대한제분,"곡물가공품, 전분 및 전분제품 제조업"
대한종합금융,기타 금융업
대한중석,기타 금속 가공제품 제조업
대한항공,항공 여객 운송업
대한해운,해상 운송업
대한화섬,화학섬유 제조업
대현,봉제의복 제조업
대호,토목 건설업
대호에이엘,1차 비철금속 제조업
더존비즈온,"컴퓨터 프로그래밍, 시스템 통합 및 관리업"
덕성,플라스틱제품 제조업
덕양산업,자동차 신품 부품 제조업
덴티움,의료용 기기 제조업
도레이케미칼,직물직조 및 직물제품 제조업
도화엔지니어링,"건축기술, 엔지니어링 및 관련 기술 서비스업"
동국방직,방적 및 가공사 제조업
동국실업,자동차 신품 부품 제조업
동국전자,영상 및 음향기기 제조업
동국제강,1차 철강 제조업
동남합성,기초 화학물질 제조업
동방,도로 화물 운송업
동방개발,기타 전문 도매업
동방아그로,"비료, 농약 및 살균, 살충제 제조업"
동부건설,토목 건설업
동부산업,기타 전문 도매업
동부일렉트로닉스,반도체 제조업
동부제철,1차 철강 제조업
동부화학,기초 화학물질 제조업
동산씨앤지,기타 화학제품 제조업
동서,음·식료품 및 담배 도매업
동서증권,금융 지원 서비스업
동성반도체,전자부품 제조업
동성제약,의약품 제조업
동성코퍼레이션,회사 본부 및 경영 컨설팅 서비스업
동성화학,기초 화학물질 제조업
동신,건물 건설업
동신제약,의약품 제조업
동신제지,"펄프, 종이 및 판지 제조업"
동아건설,토목 건설업
동아금고,은행 및 저축기관
동아쏘시오홀딩스,기타 금융업
동아에스티,의약품 제조업
동아지질,기반조성 및 시설물 축조관련 전문공사업
동아타이어,고무제품 제조업
동양,"시멘트, 석회, 플라스터 및 그 제품 제조업"
동양고속,육상 여객 운송업
동양네트웍스,"컴퓨터 프로그래밍, 시스템 통합 및 관리업"
동양물산기업,특수 목적용 기계 제조업
동양밸류스팩,기타 금융업
동양생명,보험업
동양철관,1차 철강 제조업
동양피스톤,자동차용 엔진 및 자동차 제조업
동양현대종금,기타 금융업
동양화학,기초 화학물질 제조업
동원F&B,기타 식품 제조업
동원금속,자동차 신품 부품 제조업
동원산업,어로 어업
동원수산,어로 어업
동원시스템즈,플라스틱제품 제조업
동원증권,금융 지원 서비스업
동일고무벨트,고무제품 제조업
동일방직,방적 및 가공사 제조업
동일산업,1차 철강 제조업
동일제강,1차 철강 제조업
동화약품,의약품 제조업
두산,회사 본부 및 경영 컨설팅 서비스업
두산건설,건물 건설업
두산건설f,토목 건설업
두산기계,특수 목적용 기계 제조업
두산밥캣,기타 금융업
두산백화,알코올음료 제조업
두산상사,기타 전문 도매업
두산음료,알코올음료 제조업
두산인프라코어,특수 목적용 기계 제조업
두산종합식품,기타 식품 제조업
두산중공업,일반 목적용 기계 제조업
두산테크팩,유리 및 유리제품 제조업
두올,자동차 신품 부품 제조업
디씨엠,1차 철강 제조업
디아이,"측정, 시험, 항해, 제어 및 기타 정밀기기 제조업; 광학기기 제외"
디아이씨,자동차 신품 부품 제조업
디와이,기타 금융업
디와이파워,특수 목적용 기계 제조업
디와이홀딩스,일반 목적용 기계 제조업
디티알오토모티브,일차전지 및 축전지 제조업
디피씨,"전동기, 발전기 및 전기 변환 · 공급 · 제어 장치 제조업"
라미화장품,기타 화학제품 제조업
라이프주택개발,건물 건설업
락앤락,플라스틱제품 제조업
레이디,가구 제조업
로케트전기,일차전지 및 축전지 제조업
롯데관광개발,여행사 및 기타 여행보조 서비스업
롯데미도파,종합 소매업
롯데손해보험,보험업
롯데쇼핑,종합 소매업
롯데정밀화학,기초 화학물질 제조업
롯데정보통신,"컴퓨터 프로그래밍, 시스템 통합 및 관리업"
롯데제과,기타 식품 제조업
롯데지주,기타 금융업
롯데칠성음료,비알코올음료 및 얼음 제조업
롯데케미칼,기초 화학물질 제조업
롯데푸드,낙농제품 및 식용빙과류 제조업
롯데하이마트,가전제품 및 정보통신장비 소매업
리젠트종금,기타 금융업
리젠트화재,보험업
마니커,"도축, 육류 가공 및 저장 처리업"
마이크로닉스,방적 및 가공사 제조업
만도,자동차 신품 부품 제조업
만도기계,자동차 신품 부품 제조업
만호제강,1차 철강 제조업
맥슨텔레콤,통신 및 방송 장비 제조업
메디플란트,기타 사업지원 서비스업
메리츠금융지주,기타 금융업
메리츠종금,기타 금융업
메리츠종금증권,금융 지원 서비스업
메리츠화재,보험업
메타랩스,봉제의복 제조업
명문제약,의약품 제조업
모나리자,기타 종이 및 판지 제품 제조업
모나미,생활용품 도매업
모토닉,자동차 신품 부품 제조업
무림P&P,"펄프, 종이 및 판지 제조업"
무림페이퍼,"펄프, 종이 및 판지 제조업"
무학,알코올음료 제조업
문배철강,1차 철강 제조업
미래산업,"측정, 시험, 항해, 제어 및 기타 정밀기기 제조업; 광학기기 제외"
미래아이앤지,"컴퓨터 프로그래밍, 시스템 통합 및 관리업"
미래에셋대우,금융 지원 서비스업
미래에셋생명,보험업
미래에셋증권,금융 지원 서비스업
미우,기타 전문 도매업
미원,기타 식품 제조업
미원상사,기타 화학제품 제조업
미원에스씨,기초 화학물질 제조업
미원홀딩스,기타 금융업
미원화학,기타 화학제품 제조업
미창석유공업,석유 정제품 제조업
바로크,가구 제조업
방림,직물직조 및 직물제품 제조업
배명금속,1차 철강 제조업
백광산업,기초 화학물질 제조업
백광소재,"시멘트, 석회, 플라스터 및 그 제품 제조업"
백산,플라스틱제품 제조업
범양건영,건물 건설업
범양식품,비알코올음료 및 얼음 제조업
베네데스하이텍,상품 종합 도매업
벽산,기타 비금속 광물제품 제조업
벽산개발,토목 건설업
벽산건설,건물 건설업
보락,기타 화학제품 제조업
보람은행,은행 및 저축기관
보령제약,의약품 제조업
보루네오,가구 제조업
보해양조,알코올음료 제조업
봉신,특수 목적용 기계 제조업
부광약품,의약품 제조업
부국증권,금융 지원 서비스업
부국철강,1차 철강 제조업
부산도시가스,연료용 가스 제조 및 배관공급업
부산산업,"시멘트, 석회, 플라스터 및 그 제품 제조업"
부산은행,은행 및 저축기관
부산주공,자동차 신품 부품 제조업
부흥,봉제의복 제조업
비상교육,"서적, 잡지 및 기타 인쇄물 출판업"
빙그레,낙농제품 및 식용빙과류 제조업
사조대림,수산물 가공 및 저장 처리업
사조동아원,"곡물가공품, 전분 및 전분제품 제조업"
사조산업,어로 어업
사조씨푸드,수산물 가공 및 저장 처리업
사조오양,수산물 가공 및 저장 처리업
사조해표,기타 식품 제조업
산은캐피탈,기타 금융업
삼광글라스,유리 및 유리제품 제조업
삼도물산,생활용품 도매업
삼보컴퓨터,컴퓨터 및 주변장치 제조업
삼부토건,토목 건설업
삼삼종합금융,기타 금융업
삼성SDI,일차전지 및 축전지 제조업
삼성건설,건물 건설업
삼성공조,자동차 신품 부품 제조업
삼성물산,기타 전문 도매업
삼성물산f,상품 중개업
삼성바이오로직스,기초 의약물질 및 생물학적 제제 제조업
삼성생명,보험업
삼성에스디에스,"컴퓨터 프로그래밍, 시스템 통합 및 관리업"
삼성엔지니어링,"건축기술, 엔지니어링 및 관련 기술 서비스업"
삼성이미징,"의료, 정밀, 광학기기 및 시계 제조업"
삼성전기,전자부품 제조업
삼성전자,통신 및 방송 장비 제조업
삼성제약,의약품 제조업
삼성중공업,선박 및 보트 건조업
삼성증권,금융 지원 서비스업
삼성출판사,"서적, 잡지 및 기타 인쇄물 출판업"
삼성카드,기타 금융업
삼성화재해상보험,보험업
삼신,가구 제조업
삼아알미늄,1차 비철금속 제조업
삼애인더스,봉제의복 제조업
삼양사,기타 식품 제조업
삼양식품,기타 식품 제조업
삼양엔텍,특수 목적용 기계 제조업
삼양제넥스,"곡물가공품, 전분 및 전분제품 제조업"
삼양종합금융,기타 금융업
삼양통상,"가죽, 가방 및 유사제품 제조업"
삼양패키징,플라스틱제품 제조업
삼양홀딩스,기타 금융업
삼영무역,기타 전문 도매업
삼영전자공업,전자부품 제조업
삼영화학공업,플라스틱제품 제조업
삼원강재,자동차 신품 부품 제조업
삼익THK,일반 목적용 기계 제조업
삼익건설,건물 건설업
삼익악기,악기 제조업
삼익주택,건물 건설업
삼일제약,의약품 제조업
삼정펄프,"펄프, 종이 및 판지 제조업"
삼진제약,의약품 제조업
삼진화학,"펄프, 종이 및 판지 제조업"
삼천리,연료용 가스 제조 및 배관공급업
삼호,건물 건설업
삼호개발,기반조성 및 시설물 축조관련 전문공사업
삼화실업,nan
삼화왕관,기타 금속 가공제품 제조업
삼화전기,전자부품 제조업
삼화전자공업,영상 및 음향기기 제조업
삼화콘덴서공업,전자부품 제조업
삼화페인트공업,기타 화학제품 제조업
삼환기업,토목 건설업
상신브레이크,자동차 신품 부품 제조업
새론오토모티브,자동차 신품 부품 제조업
새한종합금융,기타 금융업
샘표,기타 금융업
샘표식품,기타 식품 제조업
서광건설,토목 건설업
서연,기타 금융업
서연이화,자동차 신품 부품 제조업
서울교통공사,육상 여객 운송업
서울도시가스,연료용 가스 제조 및 배관공급업
서울식품공업,기타 식품 제조업
서울저축은행,은행 및 저축기관
서원,금속 주조업
서통,합성고무 및 플라스틱 물질 제조업
서흥,기타 화학제품 제조업
선도전기,"전동기, 발전기 및 전기 변환 · 공급 · 제어 장치 제조업"
선진,동물용 사료 및 조제식품 제조업
선진금속,1차 비철금속 제조업
선진지주,동물용 사료 및 조제식품 제조업
선창산업,나무제품 제조업
성문전자,전자부품 제조업
성보화학,"비료, 농약 및 살균, 살충제 제조업"
성신양회,"시멘트, 석회, 플라스터 및 그 제품 제조업"
성안,직물직조 및 직물제품 제조업
성원건설,토목 건설업
성지건설,토목 건설업
성창기업지주,회사 본부 및 경영 컨설팅 서비스업
세기상사,"영화, 비디오물, 방송프로그램 제작 및 배급업"
세방,도로 화물 운송업
세방전지,일차전지 및 축전지 제조업
세신,기타 금속 가공제품 제조업
세아베스틸,1차 철강 제조업
세아제강,1차 철강 제조업
세아제강지주,1차 철강 제조업
세아특수강,1차 철강 제조업
세아홀딩스,기타 금융업
세우글로벌,기타 전문 도매업
세원셀론텍,"구조용 금속제품, 탱크 및 증기발생기 제조업"
세원정공,자동차 신품 부품 제조업
세원화성,합성고무 및 플라스틱 물질 제조업
세이브존I&C,종합 소매업
세종공업,자동차 신품 부품 제조업
세진중공업,선박 및 보트 건조업
세하,"펄프, 종이 및 판지 제조업"
세화아이엠씨,특수 목적용 기계 제조업
센추리,일반 목적용 기계 제조업
셀런,전자부품 제조업
셀트리온,기초 의약물질 및 생물학적 제제 제조업
셰프라인,기타 금속 가공제품 제조업
솔로몬저축은행,은행 및 저축기관
송원산업,기타 화학제품 제조업
송원칼라,기초 화학물질 제조업
수산중공업,특수 목적용 기계 제조업
스마텔,전자부품 제조업
스타리스,기타 금융업
시디즈,가구 제조업
신강제지,"펄프, 종이 및 판지 제조업"
신광기업,전구 및 조명장치 제조업
신광산업,"섬유제품 염색, 정리 및 마무리 가공업"
신대양제지,"골판지, 종이 상자 및 종이용기 제조업"
신도리코,컴퓨터 및 주변장치 제조업
신동방CP,동물성 및 식물성 유지 제조업
신라교역,어로 어업
신비,nan
신성에프에이,특수 목적용 기계 제조업
신성이엔지,반도체 제조업
신성이엔지f,특수 목적용 기계 제조업
신성통상,기타 전문 도매업
신세계,종합 소매업
신세계I&C,"컴퓨터 프로그래밍, 시스템 통합 및 관리업"
신세계건설,건물 건설업
신세계인터내셔날,"섬유, 의복, 신발 및 가죽제품 소매업"
신세계종합금융,기타 금융업
신세계푸드,음식점업
신송홀딩스,기타 금융업
신영와코루,봉제의복 제조업
신영증권,금융 지원 서비스업
신원,봉제의복 제조업
신원제이엠씨,기초 화학물질 제조업
신일건업,건물 건설업
신일산업,기계장비 및 관련 물품 도매업
신풍제약,의약품 제조업
신풍제지,"펄프, 종이 및 판지 제조업"
신한,건물 건설업
신한알파리츠,부동산 임대 및 공급업
신한은행,은행 및 저축기관
신한전자,전자부품 제조업
신한종합금융,기타 금융업
신한증권,금융 지원 서비스업
신한지주,기타 금융업
신호전자통신,통신 및 방송 장비 제조업
신호페이퍼,"펄프, 종이 및 판지 제조업"
신화,"가죽, 가방 및 유사제품 제조업"
신화건설,토목 건설업
신화실업,1차 철강 제조업
신흥,기계장비 및 관련 물품 도매업
쌍방울,봉제의복 제조업
쌍용양회공업,"시멘트, 석회, 플라스터 및 그 제품 제조업"
쌍용자동차,자동차용 엔진 및 자동차 제조업
쌍용제지,기타 종이 및 판지 제품 제조업
쌍용종합금융,기타 금융업
써니전자,반도체 제조업
씨아이테크,그외 기타 제품 제조업
씨에스윈드,"구조용 금속제품, 탱크 및 증기발생기 제조업"
씨크롭,"구조용 금속제품, 탱크 및 증기발생기 제조업"
아남전자,영상 및 음향기기 제조업
아모레퍼시픽,기타 화학제품 제조업
아모레퍼시픽그룹,기타 금융업
아세아,회사 본부 및 경영 컨설팅 서비스업
아세아시멘트,"시멘트, 석회, 플라스터 및 그 제품 제조업"
아세아제지,"골판지, 종이 상자 및 종이용기 제조업"
아세아페이퍼텍,"펄프, 종이 및 판지 제조업"
아시아나항공,항공 여객 운송업
아시아자동차,자동차용 엔진 및 자동차 제조업
아이넥스,상품 종합 도매업
아이마켓코리아,상품 종합 도매업
아이에스동서,"내화, 비내화 요업제품 제조업"
아이에이치큐,"영화, 비디오물, 방송프로그램 제작 및 배급업"
아이케이,생활용품 도매업
아주캐피탈,기타 금융업
아티스,생활용품 도매업
알루코,1차 비철금속 제조업
알보젠코리아,의약품 제조업
알앤엘바이오,기계장비 및 관련 물품 도매업
애경산업,기타 화학제품 제조업
애경유화,기초 화학물질 제조업
에넥스,가구 제조업
에스엘,자동차 신품 부품 제조업
에스와이코퍼레이션,사진장비 및 광학기기 제조업
에스원,"경비, 경호 및 탐정업"
에스제이엠,자동차 신품 부품 제조업
에스제이엠홀딩스,기타 금융업
에쓰씨엔지니어링,토목 건설업
에이블씨엔씨,기타 화학제품 제조업
에이엔피,전자부품 제조업
에이치비이에너지,전자부품 제조업
에이프로젠 KIC,기타 금속 가공제품 제조업
에이프로젠제약,의약품 제조업
엔씨소프트,소프트웨어 개발 및 공급업
엔에스쇼핑,무점포 소매업
엔케이,"구조용 금속제품, 탱크 및 증기발생기 제조업"
엔케이물산,기타 전문 도매업
엔케이텔레콤,통신 및 방송 장비 제조업
엔피씨,플라스틱제품 제조업
엘브이엠씨,기타 금융업
연합과기,회사 본부 및 경영 컨설팅 서비스업
영남종금,기타 금융업
영보화학,플라스틱제품 제조업
영원무역,상품 종합 도매업
영원무역홀딩스,기타 금융업
영일화학,nan
영진약품,의약품 제조업
영진테크,방적 및 가공사 제조업
영풍,1차 비철금속 제조업
영풍산업,비알코올음료 및 얼음 제조업
영풍제지,"골판지, 종이 상자 및 종이용기 제조업"
영화금속,자동차 신품 부품 제조업
영흥철강,1차 철강 제조업
예스코홀딩스,연료용 가스 제조 및 배관공급업
오뚜기,기타 식품 제조업
오라바이오틱스,전자부품 제조업
오렌지라이프,보험업
오리엔트바이오,의약품 제조업
오리온,기타 식품 제조업
오리온전기,전자부품 제조업
오리온홀딩스,기타 금융업
온미디어,회사 본부 및 경영 컨설팅 서비스업
외환은행,은행 및 저축기관
외환카드,기타 금융업
요업개발,"내화, 비내화 요업제품 제조업"
용평리조트,일반 및 생활 숙박시설 운영업
우리금융,기타 금융업
우리들제약,의약품 제조업
우리들휴브레인,기계장비 및 관련 물품 도매업
우리스팩1호,금융 지원 서비스업
우리은행,은행 및 저축기관
우리종금,기타 금융업
우리증권,금융 지원 서비스업
우성건설,건물 건설업
우성사료,"곡물가공품, 전분 및 전분제품 제조업"
우신시스템,특수 목적용 기계 제조업
우진,"측정, 시험, 항해, 제어 및 기타 정밀기기 제조업; 광학기기 제외"
우진아이엔에스,건물설비 설치 공사업
우진플라임,특수 목적용 기계 제조업
웅진,기타 금융업
웅진씽크빅,초등 교육기관
웅진에너지,반도체 제조업
원림,편조원단 제조업
웰바이오텍,상품 중개업
위너스인프라인,봉제의복 제조업
윌비스,생활용품 도매업
유나이티드,의약품 제조업
유니드,기초 화학물질 제조업
유니온,"시멘트, 석회, 플라스터 및 그 제품 제조업"
유니온머티리얼,"내화, 비내화 요업제품 제조업"
유니온스틸,1차 철강 제조업
유니켐,"가죽, 가방 및 유사제품 제조업"
유니퀘스트,기계장비 및 관련 물품 도매업
유리이에스,특수 목적용 기계 제조업
유성,방적 및 가공사 제조업
유성기업,자동차 신품 부품 제조업
유성티에스아이,기타 금속 가공제품 제조업
유수홀딩스,회사 본부 및 경영 컨설팅 서비스업
유안타증권,금융 지원 서비스업
유양디앤유,반도체 제조업
유엔젤,"자료처리, 호스팅, 포털 및 기타 인터넷 정보매개 서비스업"
유유제약,의약품 제조업
유진증권,금융 지원 서비스업
유한양행,의약품 제조업
유화증권,금융 지원 서비스업
율촌화학,플라스틱제품 제조업
이건산업,나무제품 제조업
이구산업,1차 비철금속 제조업
이노션,광고업
이리츠코크렙,부동산 임대 및 공급업
이마트,종합 소매업
이수페타시스,전자부품 제조업
이수화학,기초 화학물질 제조업
이스타코,부동산 임대 및 공급업
이아이디,기타 전문 도매업
이연제약,의약품 제조업
이월드,유원지 및 기타 오락관련 서비스업
이지닷컴,전자부품 제조업
이화산업,기타 전문 도매업
인디에프,봉제의복 제조업
인스코비,전기 통신업
인지컨트롤스,자동차 신품 부품 제조업
인천도시가스,연료용 가스 제조 및 배관공급업
인천정유,석유 정제품 제조업
인켈,통신 및 방송 장비 제조업
인터지스,도로 화물 운송업
인터피온반도체,반도체 제조업
인팩,자동차 신품 부품 제조업
일동제약,의약품 제조업
일동홀딩스,기타 금융업
일성건설,토목 건설업
일성신약,의약품 제조업
일신방직,방적 및 가공사 제조업
일신석재,"건축자재, 철물 및 난방장치 도매업"
일양약품,의약품 제조업
일은증권,금융 지원 서비스업
일정실업,편조원단 제조업
일진,절연선 및 케이블 제조업
일진다이아,기타 화학제품 제조업
일진디스플,반도체 제조업
일진머티리얼즈,전자부품 제조업
일진전기,절연선 및 케이블 제조업
일진홀딩스,기타 금융업
잇츠한불,기타 화학제품 제조업
자화전자,전자부품 제조업
장기신용은행,은행 및 저축기관
장은증권,금융 지원 서비스업
전기초자,유리 및 유리제품 제조업
전방,방적 및 가공사 제조업
전북은행,은행 및 저축기관
전진산업,nan
제로원인터랙티브,기타 정보 서비스업
제이에스코퍼레이션,"가죽, 가방 및 유사제품 제조업"
제이준코스메틱,기타 화학제품 제조업
제일기획,광고업
제일냉동,"도축, 육류 가공 및 저장 처리업"
제일모직,합성고무 및 플라스틱 물질 제조업
제일약품,의약품 제조업
제일연마,기타 비금속 광물제품 제조업
제일은행,은행 및 저축기관
제일저축은행,은행 및 저축기관
제일종합금융,기타 금융업
제일파마홀딩스,회사 본부 및 경영 컨설팅 서비스업
제일화재,보험업
제주은행,은행 및 저축기관
제주항공,항공 여객 운송업
조광페인트,기타 화학제품 제조업
조광피혁,"가죽, 가방 및 유사제품 제조업"
조비,"비료, 농약 및 살균, 살충제 제조업"
조선내화,"내화, 비내화 요업제품 제조업"
조선선재,기타 금속 가공제품 제조업
조인에너지,기타 전문 도매업
조일알미늄,1차 비철금속 제조업
조흥,기타 식품 제조업
조흥은행,은행 및 저축기관
종근당,의약품 제조업
종근당바이오,의약품 제조업
종근당홀딩스,기타 금융업
주연테크,컴퓨터 및 주변장치 제조업
주택은행,은행 및 저축기관
중국고섬,회사 본부 및 경영 컨설팅 서비스업
중국원양자원,회사 본부 및 경영 컨설팅 서비스업
중앙건설,건물 건설업
중앙제지,"펄프, 종이 및 판지 제조업"
중앙종금,기타 금융업
중원,편조원단 제조업
지엠비코리아,자동차 신품 부품 제조업
지역난방공사,"증기, 냉·온수 및 공기조절 공급업"
지코,자동차 신품 부품 제조업
지투알,회사 본부 및 경영 컨설팅 서비스업
진도,기타 전문 도매업
진도물산,"가죽, 가방 및 유사제품 제조업"
진로종합식품,비알코올음료 및 얼음 제조업
진성레미컨,"시멘트, 석회, 플라스터 및 그 제품 제조업"
진양산업,플라스틱제품 제조업
진양폴리우레탄,기초 화학물질 제조업
진양홀딩스,기타 금융업
진양화학,플라스틱제품 제조업
진에어,항공 여객 운송업
진원생명과학,의약품 제조업
진흥기업,토목 건설업
진흥저축은행,은행 및 저축기관
참엔지니어링,특수 목적용 기계 제조업
천일고속,육상 여객 운송업
청구,건물 건설업
청솔종합금융,기타 금융업
청호컴넷,일반 목적용 기계 제조업
체시스,자동차 신품 부품 제조업
충북은행,은행 및 저축기관
충청은행,은행 및 저축기관
카스코,자동차 신품 부품 제조업
카카오,"자료처리, 호스팅, 포털 및 기타 인터넷 정보매개 서비스업"
카프로,기초 화학물질 제조업
캠브리지코오롱,봉제의복 제조업
캡스,nan
컨버즈,"골판지, 종이 상자 및 종이용기 제조업"
케드콤,통신 및 방송 장비 제조업
케이비물산,기타 전문 도매업
케이씨,"측정, 시험, 항해, 제어 및 기타 정밀기기 제조업; 광학기기 제외"
케이씨씨,기타 화학제품 제조업
케이씨오에너지,자동차 신품 부품 제조업
케이씨텍,"측정, 시험, 항해, 제어 및 기타 정밀기기 제조업; 광학기기 제외"
케이씨티시,도로 화물 운송업
케이엠에이치,절연선 및 케이블 제조업
케이티,전기 통신업
케이티스,기타 정보 서비스업
케이티스카이라이프,텔레비전 방송업
케이티앤지,담배 제조업
케이피케미칼,기초 화학물질 제조업
코리아써키트,전자부품 제조업
코리아오토글라스,유리 및 유리제품 제조업
코리안리,재 보험업
코스맥스,기타 화학제품 제조업
코스맥스비티아이,기타 금융업
코스모신소재,기타 화학제품 제조업
코스모화학,기타 화학제품 제조업
코아스,가구 제조업
코오롱,기타 금융업
코오롱글로벌,토목 건설업
코오롱머티리얼,화학섬유 제조업
코오롱아이넷,소프트웨어 개발 및 공급업
코오롱유화,합성고무 및 플라스틱 물질 제조업
코오롱인더,화학섬유 제조업
코오롱인터,상품 종합 도매업
코오롱플라스틱,합성고무 및 플라스틱 물질 제조업
코원에너지서비스,연료용 가스 제조 및 배관공급업
코웨이,그외 기타 개인 서비스업
콤텍시스템,"컴퓨터 프로그래밍, 시스템 통합 및 관리업"
쿠쿠홀딩스,가정용 기기 제조업
쿠쿠홈시스,개인 및 가정용품 임대업
큐로,일반 목적용 기계 제조업
크라운제과,기타 식품 제조업
크라운해태홀딩스,기타 금융업
키다리스튜디오,"자료처리, 호스팅, 포털 및 기타 인터넷 정보매개 서비스업"
키움증권,금융 지원 서비스업
키위미디어그룹,기타 전문 도매업
태경산업,기초 화학물질 제조업
태경화학,기초 화학물질 제조업
태광산업,화학섬유 제조업
태림페이퍼,"펄프, 종이 및 판지 제조업"
태림포장,"골판지, 종이 상자 및 종이용기 제조업"
태양금속공업,자동차 신품 부품 제조업
태양이앤테크,플라스틱제품 제조업
태영건설,토목 건설업
태영판지공업,"펄프, 종이 및 판지 제조업"
태원물산,자동차 신품 부품 제조업
태일전자,nan
태일정밀,컴퓨터 및 주변장치 제조업
태창기업,"섬유제품 염색, 정리 및 마무리 가공업"
태평양물산,봉제의복 제조업
태평양제약,의약품 제조업
태화,상품 종합 도매업
태화쇼핑,종합 소매업
태흥피혁공업,"가죽, 가방 및 유사제품 제조업"
테이팩스,플라스틱제품 제조업
텔코웨어,"자료처리, 호스팅, 포털 및 기타 인터넷 정보매개 서비스업"
토니모리,기타 화학제품 제조업
티비에이치글로벌,봉제의복 제조업
티에이치엔,기타 전기장비 제조업
티엘씨레저,유원지 및 기타 오락관련 서비스업
티웨이항공,항공 여객 운송업
티웨이홀딩스,반도체 제조업
티이씨앤코,절연선 및 케이블 제조업
파미셀,기초 의약물질 및 생물학적 제제 제조업
파브코,자동차 신품 부품 제조업
팜스코,"곡물가공품, 전분 및 전분제품 제조업"
팬오션,해상 운송업
팬택,통신 및 방송 장비 제조업
팬택앤큐리텔,통신 및 방송 장비 제조업
퍼스텍,무기 및 총포탄 제조업
퍼시스,가구 제조업
퍼시픽글라스,유리 및 유리제품 제조업
페이퍼코리아,"펄프, 종이 및 판지 제조업"
평산차업 KDR,회사 본부 및 경영 컨설팅 서비스업
평화산업,자동차 신품 부품 제조업
평화홀딩스,기타 금융업
포스코,1차 철강 제조업
포스코강판,1차 철강 제조업
포스코대우,상품 중개업
포스코플랜텍,토목 건설업
폴루스바이오팜,통신 및 방송 장비 제조업
풀무원,기타 금융업
풀무원f,상품 중개업
풍산,1차 비철금속 제조업
풍산홀딩스,기타 금융업
피앤텍,"펄프, 종이 및 판지 제조업"
피어리스,기타 화학제품 제조업
필룩스,전자부품 제조업
하나금융지주,기타 금융업
하나은행,은행 및 저축기관
하나은행f,은행 및 저축기관
하나제약,의약품 제조업
하나증권,금융 지원 서비스업
하나투어,여행사 및 기타 여행보조 서비스업
하이스틸,1차 철강 제조업
하이트론씨스템즈,영상 및 음향기기 제조업
하이트맥주,비알코올음료 및 얼음 제조업
하이트진로,알코올음료 제조업
하이트진로홀딩스,기타 금융업
한국가스공사,연료용 가스 제조 및 배관공급업
한국공항,기타 운송관련 서비스업
한국금융지주,기타 금융업
한국기술산업,절연선 및 케이블 제조업
한국내화,"내화, 비내화 요업제품 제조업"
한국단자공업,"전동기, 발전기 및 전기 변환 · 공급 · 제어 장치 제조업"
한국물산,편조원단 제조업
한국벨트,고무제품 제조업
한국석유공업,기타 비금속 광물제품 제조업
한국수출포장공업,"골판지, 종이 상자 및 종이용기 제조업"
한국쉘석유,석유 정제품 제조업
한국신금,nan
한국안전유리,유리 및 유리제품 제조업
한국유리공업,유리 및 유리제품 제조업
한국자산신탁,신탁업 및 집합투자업
한국저축은행,은행 및 저축기관
한국전력공사,전기업
한국전자홀딩스,기타 금융업
한국제지,"펄프, 종이 및 판지 제조업"
한국종금,기타 금융업
한국종합기술,"건축기술, 엔지니어링 및 관련 기술 서비스업"
한국주강,특수 목적용 기계 제조업
한국주철관공업,1차 철강 제조업
한국철강,1차 철강 제조업
한국카본,"구조용 금속제품, 탱크 및 증기발생기 제조업"
한국컴퓨터지주,컴퓨터 및 주변장치 제조업
한국콜마,기타 화학제품 제조업
한국콜마홀딩스,기타 금융업
한국타이어,고무제품 제조업
한국타이어월드와이드,기타 금융업
한국토지신탁,신탁업 및 집합투자업
한국특수형강,1차 철강 제조업
한국프랜지공업,자동차 신품 부품 제조업
한국합섬,직물직조 및 직물제품 제조업
한국항공우주,"항공기,우주선 및 부품 제조업"
한국화장품,생활용품 도매업
한국화장품제조,기타 화학제품 제조업
한길종합금융,기타 금융업
한농화성,기타 화학제품 제조업
한독,의약품 제조업
한라,토목 건설업
한라시멘트,"시멘트, 석회, 플라스터 및 그 제품 제조업"
한라홀딩스,기타 금융업
한메NS,전자부품 제조업
한미글로벌,"건축기술, 엔지니어링 및 관련 기술 서비스업"
한미반도체,특수 목적용 기계 제조업
한미사이언스,기타 금융업
한미약품,의약품 제조업
한미은행,은행 및 저축기관
한별텔레콤,전자부품 제조업
한보철강,1차 철강 제조업
한샘,생활용품 도매업
한섬,봉제의복 제조업
한성기업,수산물 가공 및 저장 처리업
한세실업,봉제의복 제조업
한세엠케이,"섬유, 의복, 신발 및 가죽제품 소매업"
한세예스24홀딩스,기타 금융업
한솔로지스틱스,기타 운송관련 서비스업
한솔아트원제지,"펄프, 종이 및 판지 제조업"
한솔제지,"펄프, 종이 및 판지 제조업"
한솔종합금융,기타 금융업
한솔케미칼,기초 화학물질 제조업
한솔테크닉스,전자부품 제조업
한솔피엔에스,기타 전문 도매업
한솔홀딩스,기타 금융업
한솔홈데코,제재 및 목재 가공업
한스종금,기타 금융업
한신공영,건물 건설업
한신기계공업,일반 목적용 기계 제조업
한양증권,금융 지원 서비스업
한온시스템,일반 목적용 기계 제조업
한올바이오파마,의약품 제조업
한외종합금융,기타 금융업
한익스프레스,도로 화물 운송업
한일방직,방적 및 가공사 제조업
한일시멘트,"시멘트, 석회, 플라스터 및 그 제품 제조업"
한일약품,의약품 제조업
한일은행,은행 및 저축기관
한일철강,1차 철강 제조업
한일현대시멘트,"시멘트, 석회, 플라스터 및 그 제품 제조업"
한일홀딩스,"시멘트, 석회, 플라스터 및 그 제품 제조업"
한전KPS,전기 및 통신 공사업
한전기술,"건축기술, 엔지니어링 및 관련 기술 서비스업"
한전산업,"건축기술, 엔지니어링 및 관련 기술 서비스업"
한주전자,전자부품 제조업
한주통산,기타 전문 도매업
한주화학,기타 전문 도매업
한진,도로 화물 운송업
한진건설,토목 건설업
한진중공업,토목 건설업
한진중공업홀딩스,기타 금융업
한진칼,기타 금융업
한진해운,해상 운송업
한창,기계장비 및 관련 물품 도매업
한창제지,"펄프, 종이 및 판지 제조업"
한화,기타 화학제품 제조업
한화갤러리아타임월드,종합 소매업
한화기계,일반 목적용 기계 제조업
한화생명,보험업
한화손해보험,보험업
한화에어로스페이스,"항공기,우주선 및 부품 제조업"
한화종합금융,기타 금융업
한화케미칼,기초 화학물질 제조업
한화투자증권,금융 지원 서비스업
한화화인케미칼,기초 화학물질 제조업
항도종합금융,기타 금융업
해동금고,은행 및 저축기관
해성디에스,전자부품 제조업
해태유업,낙농제품 및 식용빙과류 제조업
해태제과,기타 식품 제조업
해태제과식품,기타 식품 제조업
핸즈코퍼레이션,자동차 신품 부품 제조업
허메스홀딩스,통신 및 방송 장비 제조업
현대DSF,종합 소매업
현대건설,토목 건설업
현대건설기계,일반 목적용 기계 제조업
현대그린푸드,종합 소매업
현대글로비스,기타 운송관련 서비스업
현대금속,기타 금속 가공제품 제조업
현대로템,철도장비 제조업
현대리바트,가구 제조업
현대리바트f,가구 제조업
현대모비스,자동차 신품 부품 제조업
현대미포조선,선박 및 보트 건조업
현대반도체,반도체 제조업
현대백화점,종합 소매업
현대비앤지스틸,1차 철강 제조업
현대상선,해상 운송업
현대약품,의약품 제조업
현대에이치씨엔,텔레비전 방송업
현대엘리베이터,일반 목적용 기계 제조업
현대오토넷,전자부품 제조업
현대울산종금,기타 금융업
현대위아,자동차 신품 부품 제조업
현대일렉트릭,"전동기, 발전기 및 전기 변환 · 공급 · 제어 장치 제조업"
현대자동차,자동차용 엔진 및 자동차 제조업
현대제철,1차 철강 제조업
현대종합금융,기타 금융업
현대종합상사,상품 종합 도매업
현대중공업,선박 및 보트 건조업
현대중공업지주,기타 금융업
현대증권,금융 지원 서비스업
현대차서비스,자동차 판매업
현대차증권,금융 지원 서비스업
현대코퍼레이션홀딩스,음·식료품 및 담배 도매업
현대페인트,기타 화학제품 제조업
현대푸드,음식점업
현대하이스코,1차 철강 제조업
현대해상,보험업
현대홈쇼핑,무점포 소매업
형지엘리트,봉제의복 제조업
형진건설,nan
혜인,기계장비 및 관련 물품 도매업
호남식품,비알코올음료 및 얼음 제조업
호승,"가죽, 가방 및 유사제품 제조업"
호전실업,봉제의복 제조업
호텔신라,기타 상품 전문 소매업
화성산업,건물 건설업
화승알앤에이,자동차 신품 부품 제조업
화승엔터프라이즈,기타 금융업
화승인더스트리,플라스틱제품 제조업
화신,자동차 신품 부품 제조업
화인베스틸,1차 철강 제조업
화인자산관리,기타 금융업
화천기계,특수 목적용 기계 제조업
화천기공,특수 목적용 기계 제조업
환인제약,의약품 제조업
황금에스티,1차 비철금속 제조업
효성,화학섬유 제조업
효성 ITX,기타 사업지원 서비스업
효성물산,기타 전문 도매업
효성중공업,"전동기, 발전기 및 전기 변환 · 공급 · 제어 장치 제조업"
효성첨단소재,화학섬유 제조업
효성티앤씨,화학섬유 제조업
효성화학,기초 화학물질 제조업
후성,기초 화학물질 제조업
훈영,"영화, 비디오물, 방송프로그램 제작 및 배급업"
휠라코리아,생활용품 도매업
휴니드테크놀러지스,통신 및 방송 장비 제조업
휴리프,전자부품 제조업
휴비스,화학섬유 제조업
휴스틸,1차 철강 제조업
휴켐스,기타 화학제품 제조업
흥국화재,보험업
흥아해운,해상 운송업
흥양,전자부품 제조업
