거점ID,전기차 여부,주소,거점명
493,GA,서울 강북구 미아동 42-56,하이마트 미아사거리점
2409,GA,서울 용산구 한강로2가 424,아모레퍼시픽 본사
2270,GA,서울 종로구 숭인동 7-12,창신역
629,GA,서울 마포구 대흥동 산 1-30,서강대학교
166,GA,서울 종로구 서린동 132,광화문역 5번출구
1158,GA,서울 강동구 천호동 87-26,천호1동주민센터
676,GA,서울 중구 남대문로5가 827,서울역 10번출구(후암삼거리)
704,TO,서울 강남구 대치동 890-20,선릉역 1번출구
1081,GA,서울 동대문구 장안동 331-2,장안동사거리
522,GA,서울 강서구 방화동 830-4,방화역 1번출구
394,GA,서울 강북구 미아동 1359,롯데마트 삼양점
1265,GA,서울 금천구 시흥동 992-47,홈플러스 시흥점
406,GA,서울 강남구 역삼동 675-3,르네상스호텔 사거리
28,GA,서울 송파구 거여동 26-1,SK주유소 송파점
2021,GA,서울 동작구 신대방동 395-70,보라매 전문건설회관
2158,GA,서울 마포구 상암동 1580,DMC첨단산업센터
30,GA,서울 송파구 오금동 4,SK주유소 올림픽점
815,GA,서울 관악구 신림동 1695 신림동부아파트 101동 지하,신림역 신원시장
2473,GA,서울 동대문구 답십리동 1003-2,답십리사거리(세기프라자)
265,GA,서울 동작구 노량진동 151-18,노량진역 2번출구
1083,GA,서울 성북구 장위3동 299-64,장월초교 앞
489,GA,서울 관악구 신림동 1514-1,미림여고입구교차로
937,GA,서울 강남구 역삼동 738-8,역삼역 2번출구
1284,GA,서울 강서구 화곡동 1020-23,화곡역 8번출구
1019,GA,서울 강서구 화곡동 1165-1,우장산역 2번출구
1296,GA,서울 동대문구 회기동 346-18,회기역(베라체캠퍼스)
369,GA,서울 동작구 신대방2동 395,동작구민회관
226,EV,서울 성북구 길음동 1278-1,길음동부센트레빌
82,EV,서울 강동구 성내동 194,강동역 3번출구
2188,GA,서울 중구 신당동 842,약수하이츠아파트
1932,GA,서울 강동구 강일동 732-2,상일동역교차로 뒤
119,GA,서울 종로구 적선동 156,경복궁역 6번출구
643,TO,서울 강서구 화곡동 1120-13,서울강서경찰서 옆(새한주차장)
2366,GA,서울 강남구 도곡동 956,서브원 강남빌딩
128,GA,서울 성북구 종암동 29-26,고려대 교우회관
1076,GA,서울 동작구 상도동 188-19,장승배기역(동작경희병원)
542,TO,서울 송파구 장지동 561-55,복정역 환승주차장
2289,GA,서울 성동구 용답동 225-3,하이마트 장한평점
2397,GA,서울 마포구 도화동 538,마포역 2번출구
2287,GA,서울 서초구 서초동 1677-1,브라운스톤 서초주상복합
42,GA,서울 구로구 가리봉동 127-13 앞,가리봉오거리
513,GA,서울 송파구 방이동 110-12,방이사거리(아넥스골프클럽)
2563,GA,서울 강서구 화곡동 347-7,까치산역 4번출구(우성빌딩)
877,GA,서울 강서구 등촌동 669-3,쌍용자동차 발산영업소
899,GA,서울 서초구 양재동 290-3,양재동
969,GA,서울 영등포구 영등포동3가 9-13,영등포역 3번출구
195,GA,서울 은평구 구산동 340-1,구산동공영주차장
1979,GA,서울 송파구 송파동 113-2,송파여성문화회관
971,TO,서울 영등포구 영등포동4가 442-4,타임스퀘어 공영주차장
1063,GA,서울 광진구 자양동 41-9,자양동 노룬산시장
53,GA,서울 강서구 가양동 1480-10,가양역
2048,GA,서울 서대문구 창천동 18-23,신촌역 피델리아주차장
514,GA,서울 도봉구 방학동 620-16,방학2동 주민센터 옆
744,TO,서울 노원구 상계동 1268,수락산역
2466,GA,서울 중구 흥인동 13-1,신당역 11번출구(위브더제니스)
1279,GA,서울 서대문구 홍제동 294-84,홍제역(견인보관소)
630,EV,서울 마포구 창전동 443,서강해모로아파트
191,GA,서울 금천구 독산동 951-4,구로전화국사거리
903,TO,서울 강남구 도곡동 922,양재언주초교지하주차장
1170,GA,서울 동대문구 청량리동 746,청량리역
1826,TO,서울 서대문구 남가좌동 124,DMC파크뷰자이1단지
2314,GA,서울 영등포구 신길동 50-5,SK주유소 신길동점
1867,GA,서울 강서구 내발산동 756,마곡수명산파크7단지아파트
768,GA,서울 관악구 봉천동 944-19,쉐보레 봉천대리점
141,GA,서울 마포구 공덕동 256-42,공덕역 4번출구
938,GA,서울 강남구 역삼동 725-28,역삼역 1번출구(삼성주차장)
2125,EV,서울 성북구 종암동 16-8,종암동 주민센터
1057,GA,서울 용산구 이태원동 119-25,이태원역 해밀톤호텔
2332,GA,서울 마포구 망원동 338-12,망원동 현대힐타운
627,TO,서울 마포구 신수동 93-35,서강대역 1번출구(환승주차장)
401,GA,서울 영등포구 영등포동 618-496,롯데백화점 영등포
2023,GA,서울 서초구 반포동 90-7,서래마을
304,EV,서울 영등포구 신길동 69-39,대방역 4번출구
2030,EV,서울 용산구 한강로3가 40-999(달주차장),용산 아이파크몰(달주차장)
2307,GA,서울 은평구 진관동 100,구파발역 3번출구(은평헤스티아)
923,GA,서울 강남구 역삼동 627-5,언주역 7번출구
953,GA,서울 은평구 불광동 322-2,연신내역
1817,GA,서울 강남구 율현동 294,CU 율현중앙점
414,GA,서울 성동구 마장동 790-15,마장역 3번출구
1266,GA,서울 중랑구 신내동 645,홈플러스 신내점
1268,GA,서울 성북구 하월곡동 46-73,홈플러스 월곡점
701,GA,서울 송파구 송파동 85-3,석촌역
766,GA,서울 금천구 독산동 1054,쉐보레 금천독산대리점
1954,GA,서울 노원구 중계동 364-19,중계동학원가(삼부프라자)
326,GA,서울 도봉구 도봉동 282-26,도봉산(s)
850,GA,서울 양천구 신정동 984-1,신정역 3번출구(신서고)
541,GA,서울 성북구 보문동5가 146-1,SK주유소 광덕점(보문역)
2425,GA,서울 서대문구 창천동 377  ,홍대입구역 4번출구
2446,GA,서울 금천구 독산동 1050-17,독산2동 공영주차장
294,GA,서울 영등포구 당산동5가 9-2,당산역(삼성쉐르빌)
665,GA,서울 성동구 금호동4가 340,서울숲푸르지오1차
230,GA,서울 성북구 길음동 1080,길음역 8번출구
470,GA,서울 양천구 신정동 992-1,목동역 8번출구
601,GA,서울 동작구 상도동 460,상도패리스아파트
734,GA,서울 금천구 독산동 148-32,세일중학교 앞
2413,GA,서울 동작구 상도1동 363-4,상도역 5번출구(파미에)
2051,GA,서울 영등포구 양평동3가 45,롯데마트 양평점
2476,GA,서울 영등포구 당산동5가 9-2,당산역(삼성쉐르빌) 모닝존
86,TO,서울 양천구 신월5동 21-1,강서교육청
2460,GA,서울 종로구 신영동 10-15,신영동 삼거리
2012,EV,서울 동작구 신대방동 686-44,SK주유소 21세기점
22,GA,서울 노원구 상계동 706-2,SK주유소 노원역점
1143,GA,서울 강서구 등촌동 629-7,증미역 4번출구
2339,GA,서울 양천구 신정동 1258,신정동 신트리2단지아파트
883,EV,서울 강동구 성내동 512,안말어린이공원
2252,GA,서울 서대문구 홍은동 4,세검정교차로
655,GA,서울 관악구 봉천동 1609-1,서울대입구역 2번출구(리틀플레이스카페)
879,GA,서울 광진구 중곡동 115-4,아차산역 1번출구
2297,GA,서울 금천구 가산동 505-19,가산 어바니엘
765,GA,서울 구로구 오류동 8-4,쉐보레 구로오류대리점
464,GA,서울 양천구 목동 915,목동 공영주차장
2196,GA,서울 동작구 노량진2동 225-57,노량진동 송학대교회
604,GA,서울 중랑구 상봉동 110-38,상봉시장 앞
597,GA,서울 동작구 상도동 414,상도건영아파트
1891,GA,서울 양천구 신월동 475,신월서울가든
1181,GA,서울 서대문구 홍은동 345-3,충암초등학교 옆
1141,GA,서울 중랑구 중화동 304-2,중화역
2279,GA,서울 성동구 성수동1가 656-591,뚝섬역 5번출구(서울숲A타워)
2553,GA,서울 양천구 목동 917-6,행복한백화점
530,GA,서울 강북구 번동 148-380,번동
951,GA,서울 마포구 연남동 493-50,연남동(가버나움)
885,GA,서울 강동구 암사1동 473-3,암사역 1번출구
498,GA,서울 강북구 미아동 1351,미아역 5번출구
870,GA,서울 도봉구 창동 655-15,쌍문역
4,GA,서울 마포구 상암동 1649,DMC산학협력센터
505,GA,서울 강서구 내발산동 652-4,발산역 5번출구
2284,GA,서울 강북구 수유동 229-49,수유역 경남아너스빌
1298,GA,서울 동대문구 휘경동 283-5,회기역(삼육서울병원)
1282,GA,서울 강서구 화곡동 110-65,화곡역 3번출구
1102,TO,서울 성북구 정릉2동 408-14,정릉시장입구(정릉타워)
1137,GA,서울 동작구 상도1동 500,중앙대 후문
105,GA,서울 강남구 개포동 183-1,개포동공원
2539,GA,서울 양천구 목동 962,이마트 목동점
907,GA,서울 서초구 양재동 215,양재하이브랜드
381,GA,서울 양천구 목동 615-1,등촌역 6번출구
327,GA,서울 도봉구 도봉동 624-105,도봉시장(법조타운 공영)
404,GA,서울 마포구 구수동 60,광흥창역 5번출구
2410,GA,서울 서초구 서초동 1451-57,남부터미널역 5번출구(오륜주차장)
1136,GA,서울 동작구 흑석동 200-95,중앙대 중문
282,GA,서울 마포구 상암동 1605,누리꿈스퀘어
1289,GA,서울 성동구 송정동 68-44,화양사거리
591,TO,서울 노원구 상계동 37-7,상계3.4동주민센터
244,GA,서울 관악구 난곡동 626-82,남강중학교
316,GA,서울 종로구 동숭동 25-5,대학로거리(뮤지컬센터)
106,TO,서울 강서구 방화동 844,개화산역
2175,GA,서울 중구 다동 111,을지로입구역 2번출구
580,GA,서울 강남구 삼성동 159 (좌측 입구),삼성역(오크우드호텔)
1934,GA,서울 송파구 가락동 133-12,문정동 현대아파트교차로
1950,GA,서울 마포구 동교동 166-6,홍대입구역 8번출구
2380,GA,서울 강남구 신사동 587-1,강남을지병원앞 교차로(호텔선샤인)
872,GA,서울 도봉구 쌍문동 103-1,쌍문역 3번출구
2567,GA,서울 관악구 신림동 1412-4,현대자동차 신림지점
687,GA,서울 은평구 녹번동 5,서울혁신파크
1887,GA,서울 강남구 수서동 721-1,수서 하니움
1873,GA,서울 은평구 불광동 641,북한산힐스테이트3차
611,GA,서울 마포구 상암동 1145-1,상암DMC역 7번출구
831,TO,서울 동대문구 신설동 114-29,신설동역(9번출구 풍물시장)
2545,GA,서울 양천구 목동 741-16,목동 스타힐스
280,GA,서울 강남구 논현동 140,논현역(영동프라자)
721,GA,서울 마포구 성산동 56-1,성산2교사거리
2219,GA,"서울 노원구 상계동 1121-32,33",상계동 르비앙
549,GA,서울 서대문구 북아현동 215,북성초교
169,GA,서울 서초구 서초동 1714-18,교대역 11번출구
777,GA,서울 강남구 신사동 550-11,신구초교스포츠센터
2262,GA,서울 강남구 대치동 1004,삼성역 동일타워
1073,TO,서울 송파구 신천동 29,잠실역
1034,GA,서울 은평구 응암동 232-3,은평병원
1050,GA,서울 동작구 사당동 138-3,이수역 12번출구
2419,GA,서울 금천구 가산동 60-19,롯데팩토리아울렛 가산점
1866,GA,서울 관악구 봉천동 880-18,리마크빌 관악점
785,GA,서울 서초구 서초동 1309-9,신논현역 6번출구
653,GA,서울 관악구 봉천동 865-1,서울대입구역
2317,GA,서울 강서구 화곡동 1103-6,우장공원입구교차로
2193,GA,서울 강남구 역삼동 648-8,역삼역 4번출구(648호텔)
2465,TO,서울 용산구 서계동 47-3,서울역 15번출구(국립극단 옆)
333,GA,서울 동작구 상도4동 244-181,도화공원
506,GA,서울 서초구 방배동 761-3,방배동 카페골목
179,GA,서울 구로구 구로동 188-25,롯데시티호텔 구로
1889,GA,서울 영등포구 구로동 46,신도림 쌍용플레티넘
2037,EV,서울 구로구 구로동 235,구로동 한신IT타워
728,GA,서울 성북구 동선동1가 121-6,성신여대
753,GA,서울 강북구 번동 446-13,수유역 3번출구
2105,GA,서울 중랑구 면목동 181-132,중랑초교 옆
1018,GA,서울 강북구 수유동 392-129,우이초등교앞교차로
416,GA,서울 송파구 마천동 128-9,마천역 1번출구
2173,GA,서울 영등포구 신길동 299-1,서울도림초등학교
814,GA,서울 관악구 신림동 1426-6,신림역 7번출구(가야위드안)
67,GA,서울 강남구 역삼동 829-20,강남역4번출구
2186,GA,서울 서대문구 충정로3가 463,충정로역 9번출구(국민연금공단)
507,GA,서울 서초구 방배동 791-3,방배동 카페골목 입구
2312,GA,서울 마포구 상암동 1634,상암월드컵파크1단지
1163,GA,서울 강동구 천호동 410-100,천호역 5번출구
517,GA,서울 도봉구 방학동 718-7,방학역
272,GA,서울 관악구 신림동 247-2,녹두거리 치안센터 옆
632,GA,서울 양천구 신정동 1320-7,서남병원
1993,GA,서울 노원구 월계동 447-1,광운대학교
1841,GA,서울 금천구 시흥3동 939-4,GS칼텍스 일신
1276,GA,서울 마포구 상수동 72-1,홍익대학교
677,GA,서울 용산구 동자동 45,서울역 12번출구
2113,GA,서울 강남구 일원동 707-3,대청역 3번출구
1065,GA,서울 광진구 자양동 636-29,자양동우체국 옆
255,GA,서울 동작구 사당동 318-12,남성역
2244,GA,서울 관악구 남현동 496-2,서울인헌고등학교 옆
2128,GA,서울 강서구 공항동 36-12,송정역 3번출구
302,GA,서울 동작구 대방동 506,대방2차현대아파트
1202,GA,서울 노원구 중계동 509-1,하계역 1번출구(등나무근린공원 앞)
1233,GA,서울 성동구 사근동 110,한양대병원
1938,GA,서울 영등포구 여의도동 23-3,여의도공원앞 교차로
122,GA,서울 송파구 가락동 124-26,경찰병원역 4번출구
2542,GA,서울 금천구 시흥동 203-4,시흥동 스타힐스
649,GA,서울 관악구 신림동 1485-17,서울금천경찰서 앞
385,GA,서울 은평구 증산동 223-42,디지털미디어시티역 6번출구
2292,GA,서울 양천구 신월동 804,신월동 노상공영주차장
2155,GA,서울 송파구 가락동 80-2,성원상떼빌 앞
2042,EV,서울 강북구 미아동 222-100,미아동 공영주차장
1049,EV,서울 동대문구 제기동 252,이수브라운스톤아파트
204,TO,서울 은평구 진관동 66-30,구파발역
904,GA,서울 서초구 서초2동 1359-8,양재역 1번출구
925,TO,서울 마포구 상암동 1648,에스플렉스센터
2361,GA,서울 광진구 자양동 5-5,건대입구역 5번출구
2260,EV,서울 금천구 시흥동 171-1,삼성체육공원
221,GA,서울 강동구 길동 415-5,길동역 1번출구
2275,GA,서울 동작구 동작동 326,동작역 5번출구
475,GA,서울 성동구 하왕십리동 992,무학현대아파트
228,GA,서울 성북구 하월곡동 104-112,길음역
1278,GA,서울 서대문구 홍제동 306-1,홍제역
838,GA,서울 양천구 신월동 226-9,신월동
2266,GA,서울 서대문구 홍은동 148-1,홍은1동 거주자우선주차구역
9,GA,서울 송파구 가락동 77-6 kt 가락지사,KT가락지사
89,GA,서울 강서구 화곡동 995-3,강서구청 앞
1193,GA,서울 양천구 목동 906-1,파리공원
490,GA,서울 관악구 신림동 597-145,미성동제4공영
2195,GA,서울 동대문구 신설동 101-2,경복대학교 산학협력관
2111,GA,서울 노원구 중계동 364-3,노원문화예술회관
321,TO,서울 강남구 역삼동 795-25,도곡1동주민센터 교차로
1262,GA,서울 도봉구 방학동 707-7,홈플러스 방학점
1828,GA,서울 강남구 역삼동 668-13,GS칼텍스 GS타워
2351,GA,서울 동대문구 휘경동 308-15,회기역 2번출구
438,GA,서울 은평구 응암동 747-8,매바위공영주차장
518,GA,서울 도봉구 방학동 716,방학역 3번출구
1069,GA,서울 송파구 신천동11-4,잠실 푸르지오월드마크
867,GA,서울 영등포구 신길동 445-2,신풍역 3번출구
595,GA,서울 노원구 상계동 371-9,상계초교입구
617,GA,서울 성동구 하왕십리동 903-3,상왕십리역 6번출구
1250,GA,서울 종로구 명륜2가 152-2,혜화역
1259,GA,서울 동대문구 용두동 33-1,홈플러스 동대문점
1080,GA,서울 동대문구 장안동 392-3,장안동(장안주차장)
444,GA,서울 중랑구 면목동 146-1,면목2동사거리
2153,GA,서울 마포구 망원동 429-4,마포구민체육센터 옆
2368,GA,서울 강동구 천호동 산31,천호1동 주민센터 옆
2492,GA,서울 성동구 금호베스트빌,금호베스트빌
325,GA,서울 도봉구 방학동 720,도봉구청
457,GA,서울 강동구 명일동 324-14,명일역 4번출구
779,GA,서울 영등포구 신길동 107-4,신길역
2087,GA,서울 구로구 구로동 851,구로한화비즈메트로
792,GA,서울 동작구 상도동 324-62,신대방삼거리
1924,GA,서울 서초구 서초동 1328-3,강남역 5번출구
1036,GA,서울 중구 초동 64-11,을지로3가역 9번출구
328,GA,서울 도봉구 도봉동 623 앞,도봉역
78,GA,서울 송파구 풍납동 504-2,강동구청역 4번출구
928,GA,서울 중구 장충동2가 193-39,엠버서더호텔 뒤
281,TO,서울 강남구 논현동 168,논현초교지하주차장
638,GA,서울 서대문구 충정로2가 191,서대문역(경기대입구)
1237,GA,서울 마포구 서교동 378-10,합정역 2번출구
1269,GA,서울 송파구 신천동 7-12,홈플러스 잠실점
411,GA,서울 강서구 내발산동 750-10,마곡수명산파크 앞
512,GA,서울 송파구 방이동 110-7,방이시장
1274,GA,서울 마포구 동교동 165-8,홍대입구역 9번출구
2179,GA,서울 종로구 안국동 148,안국역 1번출구
1263,GA,서울 중랑구 상봉동 500,홈플러스 상봉점
463,GA,서울 양천구 목동 42-104,목동
731,GA,서울 도봉구 쌍문2동 710-4,성원아파트사거리
370,GA,서울 동작구 노량진2동 47-2,동작구청
666,GA,서울 동대문구 전농동 206-113,서울시립대 앞C
1229,GA,서울 성북구 삼선동4가 18-6,한성대입구역 1번출구
1111,GA,서울 종로구 인사동 119-1,종각역 11번출구
2515,GA,서울 강동구 강일동 668,강일리버파크 2단지
366,GA,서울 중구 신당동 333-260,동산초등학교 앞
1160,GA,서울 강동구 천호동 404-1,천호시장 앞
628,GA,서울 마포구 노고산동 117-2,서강대역 2번출구
2358,GA,서울 강북구 미아동 197-5,미아역 2번출구
548,GA,서울 중랑구 신내동 647,봉화산역(남)N
2439,GA,서울 구로구 구로동 188-25,롯데렌터카 구로디지털영업소
782,GA,서울 서초구 반포동 743-19,신논현역 1번출구
2303,GA,서울 송파구 방이동 88-2,올림픽공원역(한체대)
2189,GA,서울 강북구 수유동 55-29,수유마을시장 공영주차장
319,GA,서울 도봉구 쌍문동 416-27,덕성여대
1921,EV,서울 서초구 반포2동 5-1,신반포역 1번출구
2575,GA,서울 영등포구 당산동5가 9-2,당산역 11번출구(삼성쉐르빌)C
2144,GA,서울 강남구 논현동 117-7,강남구청역 3번출구
2484,GA,서울 마포구 공덕동 370-4,공덕역 2번출구(서울창업허브)
1255,GA,서울 강서구 가양동 18-24,홈플러스 가양점
855,GA,서울 송파구 잠실동 192-2,잠실먹자골목(부광빌딩)
738,GA,서울 강서구 공항동 25-8,송정역 2번출구
422,TO,서울 마포구 성산동 370,마포구청
200,GA,서울 광진구 구의동 199-18,구의동
1939,GA,서울 구로구 천왕동 산 25-8,천왕초등학교 앞(천왕이펜하우스S)
2241,GA,서울 관악구 신림동 1727,임광관악파크 아파트
2405,GA,서울 성북구 길음동 1070-32,길음역 8번출구(실내낚시터)
1228,GA,서울 용산구 한남동 522-44,한남역 1번출구
916,TO,서울 마포구 합정동 136,양화진공영
1908,GA,서울 강서구 등촌동 631-5,하이마트 가양점
1842,GA,서울 서대문구 홍제동 22-3,GS칼텍스 홍제동
1071,GA,서울 송파구 신천동 7-14,잠실역 9번출구
2204,GA,서울 양천구 신월동 1063,신정뉴타운롯데캐슬아파트
2435,GA,서울 동작구 흑석동 28  ,흑석동 한강현대아파트
755,GA,서울 강북구 수유동 174-17,수유역 8번출구
402,TO,서울 송파구 잠실동 40-1,롯데백화점 잠실
564,TO,서울 관악구 남현동 1063-1,사당역 6번출구
199,GA,서울 강남구 역삼동 733-8,구역삼세무서교차로(남국빌딩)
1937,GA,서울 송파구 문정동 652-1,문정역 3번출구
2367,GA,서울 강동구 성내동 554,NH농협은행 별관주차장
1053,GA,서울 용산구 이촌로54길,이촌역 4번출구
2045,GA,서울 노원구 월계1동 291-12,월계1동 거주자우선주차구역
1183,GA,서울 서대문구 충정로3가 470,충정로역 8번출구
906,GA,서울 서초구 양재동 1-38,양재전화국
1990,GA,서울 은평구 불광동 645,불광롯데캐슬아파트
150,GA,서울 중구 신당동 142-5,신당역 3번출구
2421,GA,서울 마포구 도화동 25-66,공덕역 효성해링턴스퀘어
1164,GA,서울 강동구 천호동 329,천호유수지
2043,GA,서울 강서구 과해동 676,김포공항
560,GA,서울 중랑구 면목3동 570,사가정역(까치공원)
926,GA,서울 은평구 진관동 65-22,에코테라스(윌슨파킹)
864,GA,서울 서대문구 창천동 29-90,신촌역 엘리트주차장
2008,GA,서울 송파구 장지동 884,위례 2차아이파크
752,GA,서울 강북구 수유동 10-4,수유역 5번출구
1220,GA,서울 마포구 서교동 353-6,하이마트 홍대입구역점
581,GA,서울 강남구 삼성동 151-5,삼성중앙역 5번출구(Z.A.G. POT)
245,GA,서울 구로구 구로동 806-68,남구로역
1061,GA,서울 강남구 일원본동 716-2,일원역
2139,GA,서울 강남구 개포동 153,개포동역 8번출구(GDIP)
499,GA,서울 강북구 미아동 207-24,미아역 8번출구
1225,GA,서울 용산구 한남동 728-27,한강진역
2447,GA,서울 동작구 흑석동 224-1,중앙대병원
535,GA,서울 동작구 신대방동 425,보라매병원
729,GA,서울 성북구 동선동2가 133,성신여대 앞
2418,GA,서울 광진구 중곡동 638-3  ,호텔더디자이너스 건대점
360,GA,서울 중구 을지로6가 18-21,동대문역사문화공원역 14번출구
1969,GA,서울 강서구 화곡동 424-94,화곡1동 주민센터 옆
2455,GA,서울 서초구 우면동 763,남서울농협하나로마트 우면점
609,EV,서울 마포구 상암동 1643,상암 월드컵3단지아파트
1001,GA,서울 중랑구 면목동 378-10,용마산역
300,GA,서울 구로구 구로동 120-5,대림역 2번출구
1171,GA,서울 동대문구 청량리동 235-4,청량리역 3번출구
389,TO,서울 서초구 반포동 18-3,래미안퍼스티지(사당_고속터미널)
2420,GA,서울 도봉구 방학동 691-5  ,서현 S-OIL
278,GA,서울 강남구 논현동 123-11,논현역(논현1호공영)
465,EV,서울 양천구 목동 924번지,KT목동지사
1067,GA,서울 광진구 자양동 553-501,자양파출소 앞
218,GA,서울 강동구 길동 413-1,길동 탑스위트
112,GA,서울 광진구 화양동 10-1,건대입구역
322,GA,서울 강남구 도곡동 467-13,도곡역 4번출구(군인공제회관)
554,GA,서울 은평구 대조동 14-8,불광역 5번출구
2232,GA,서울 송파구 방이동 47,몽촌토성역 2번출구
1166,GA,서울 중구 신당4동 330-17,청구역 3번출구
1288,GA,서울 노원구 공릉동 747,화랑대역(공릉두산힐스빌)
888,GA,서울 강남구 신사동 664-23,압구정로데오역 5번출구
2088,GA,서울 구로구 구로동 170-13,서울영서초등학교 옆
816,GA,서울 관악구 신림동 1456-3,신림역5번출구
447,GA,서울 중랑구 면목동 116-1,면목본동 주민센터 앞
1110,GA,서울 관악구 조원동 571-6,조원동
113,GA,서울 광진구 화양동 49-9,건대입구역 1번출구
2210,GA,서울 은평구 신사1동 11-18,신사1동 거주자우선주차구역
487,GA,서울 서대문구 홍제동 279-43,문화촌 S-Oil
375,GA,서울 강동구 성내동 416,둔촌동역 4번출구
1052,GA,서울 동작구 사당동 1007-36,이수역 7번출구
2034,GA,서울 강남구 수서동 199-2,SRT 수서역
1840,GA,서울 강동구 성내동 439-16,GS칼텍스 신월
383,EV,서울 강서구 등촌동 688,등촌주공3단지아파트
2190,EV,서울 중구 중림동 155-1,중림종합복지센터
2363,GA,서울 동작구 신대방동 343-5,관악노인종합복지관 옆
546,GA,서울 관악구 봉천동 931-3,봉천동2
623,GA,서울 은평구 신사동 194,새절역 3번출구
2221,GA,서울 동작구 상도동 279-223,상도동 지오빌
1161,TO,서울 강동구 성내동 57-12,천호역
626,GA,서울 마포구 신수동 63-18,서강대
456,GA,서울 강동구 명일동 312-250,명일역
963,TO,서울 영등포구 영등포동4가 442-2,영등포 타임스퀘어 옆
136,TO,서울 강서구 화곡8동 890,곰달래문화복지관
2341,GA,서울 용산구 한남동 628-1,용산 한남오거리
2294,GA,서울 양천구 신정동 1056,신정4동 노상공영주차장
2426,GA,서울 서초구 반포동 49-8,반포미도아파트앞 공영
606,GA,서울 중랑구 상봉동 83-1,상봉터미널
1858,GA,서울 용산구 이촌동 411,동아그린아파트
1286,TO,서울 중랑구 묵동 28,화랑대역
1159,GA,서울 강동구 천호동 361,천호공원 앞
391,GA,서울 도봉구 방학동 717-6,롯데마트 VIC도봉점
1116,GA,서울 종로구 인의동 112-14,종로4가교차로
667,GA,서울 성동구 마장동 474-1,서울시설관리공단 교차로
2501,GA,서울 도봉구 쌍문동 422-14,덕성여대 정문 앞
1032,TO,서울 은평구 응암동 96-1,은평구청입구 교차로
264,GA,서울 동작구 노량진1동 59-35,노량진역
2577,GA,서울 은평구 역촌동 12-43,구산역 2번출구
2543,GA,서울 동작구 상도동 279-228,상도그레이스빌
345,GA,서울 금천구 독산동 1081-4,독산역
308,GA,서울 강남구 세곡동 517,대왕초등학교
898,GA,서울 서초구 양재동 301-6,양재 구룡공영주차장
915,GA,서울 영등포구 양평동2가 40-9,양평역 2번출구
186,TO,서울 구로구 구로동 810-3,구로디지털역 공영주차장
1115,TO,서울 종로구 종로4가 32-7,종로3가역
705,GA,서울 강남구 역삼동 683-34,선릉역 7번출구(디캠프)
1219,GA,서울 노원구 중계동 413-19,하이마트 중계점
1835,GA,서울 서초구 서초동 1303-1,GS칼텍스 삼방
1261,GA,서울 양천구 목동 919-7,홈플러스 목동점
1988,GA,서울 양천구 목동 951,목동금호어울림아파트
2496,GA,서울 강남구 역삼동 679,GS칼텍스 소매영업본부
2530,GA,서울 서대문구 홍제동 278-56 앞,문화촌어린이공원
70,GA,서울 강남구 논현동 7-18,강남을지병원앞사거리
771,GA,서울 동대문구 회기동 65-44,시조사삼거리
405,GA,서울 송파구 신천동 29,롯데월드타워
2570,GA,서울 동대문구 장안동 291-18,장안동 삼화에코빌3차
2242,GA,서울 구로구 고척동 264-31,고척근린공원
2373,GA,서울 중구 봉래동1가 5-36,태평로 우체국
856,GA,서울 송파구 잠실동 205-19,잠실새내역 3번출구
1072,GA,서울 송파구 잠실동 230-2,잠실본동 주민센터 앞
730,GA,서울 성북구 동소문동5가 118,성신여대역
2280,GA,서울 동대문구 청량리동 51-2,서울성심병원 뒤
2058,GA,서울 강동구 성내동 25-1,천호역 이안강동주상복합
94,EV,서울 강동구 강일동 376-60,강일리버파크5단지
851,GA,서울 강서구 화곡동 872-36,신정초교 앞
671,GA,서울 도봉구 창3동 504-21,서울신화초등학교
516,GA,서울 도봉구 방학1동 691-7,방학동 신한은행
976,GA,서울 구로구 오류동 47-1,오류동역 3번출구(삼익쇼핑센터)
458,GA,서울 서대문구 남가좌동 50-3,명지대
81,GA,서울 강동구 천호동 167-195,강동역 1번출구
19,GA,서울 강서구 가양동 151-1,SK주유소 가양점
634,GA,서울 서대문구 홍은동 428-1,서대문구청사거리
1923,EV,서울 서초구 방배4동 852-12,방배4동 주민센터
740,GA,서울 송파구 삼전동 62-2,송파구민회관
2423,GA,서울 마포구 상암동 1610-1  ,상암 임시공영주차장
992,GA,서울 성동구 상왕십리동 95,왕십리 텐즈힐몰
203,GA,서울 광진구 자양동 680-2,구의역 4번출구
2102,GA,서울 강남구 논현동 40,학동공원 앞
133,GA,서울 구로구 고척동 52-54,고척시장
2488,GA,서울 서초구 잠원동 70,뉴코아아울렛 강남점
794,GA,서울 동작구 상도3동 324-1,신대방삼거리역 1번출구
152,GA,서울 관악구 신림동 209-1,관악문화관도서관
2345,GA,서울 서대문구 홍제동 332-12,홍제역 4번출구
1033,GA,서울 은평구 녹번동 85-4,은평문화예술회관
1855,GA,서울 동대문구 답십리동 80,답십리청솔우성아파트
2313,GA,서울 성북구 정릉동 408-13,정릉동
1056,GA,서울 용산구 한남동 737-37  ,이태원역 2번출구
254,GA,서울 서초구 서초동 1600-2,남부터미널역 6번출구(담이주차장)
669,GA,서울 중구 서소문동 37,서울시청 서소문청사
1912,GA,서울 중구 만리동2가 6-5,서울역 손기정체육공원
205,GA,서울 강남구 역삼동 648-19,국기원입구사거리
1028,GA,서울 관악구 봉천동 42-1,은천삼거리
2094,GA,서울 마포구 공덕동 473,공덕역 3번출구
2227,GA,서울 서초구 서초동 1680-1,롯데렌터카 서초지점
1059,GA,서울 종로구 이화동 215,이화사거리
965,TO,서울 영등포구 당산동3가 370-3,영등포구청역
1869,GA,서울 중랑구 면목동 1511,면목 두산3단지아파트
545,GA,서울 관악구 봉천동 1537-3,봉천동
1079,GA,서울 동대문구 장안동 458-8,장안동
1914,GA,서울 영등포구 문래동 6가 10,GS강서타워
2001,GA,서울 강남구 역삼동 725-6,역삼역 1번출구(스타뷰빌라)
1271,GA,서울 마포구 서교동 460-32,홍대입구역
759,GA,서울 용산구 청파동3가 115-21,숙명여대
800,TO,서울 관악구 신림동 516,신대방역 1번출구
2486,GA,서울 서초구 서초동 1593-7,남부터미널역 6번출구(서초이오빌)
102,GA,서울 성북구 안암동5가 12-128,개운사(고려대)
761,GA,서울 동작구 상도동 511,숭실대학교
376,EV,서울 강동구 둔촌동 555,둔촌신동아파밀리에아파트
2560,GA,서울 강서구 등촌동 664-12,등촌동 청림빌딩
986,GA,서울 성동구 옥수동 377-5 앞,옥수역
279,GA,서울 서초구 반포동 707,논현역 3번출구
1940,GA,서울 구로구 구로동 197-5,구로디지털단지(삼성IT밸리)
693,GA,서울 서초구 서초동 1561-9,서초역
2288,GA,서울 성동구 성수동2가 840,대명 루첸아파트 상가동
2253,GA,서울 은평구 진관동 6,상림마을은평뉴타운4단지 아파트
417,GA,서울 송파구 마천동 214,마천역(1공영)
284,GA,서울 동대문구 답십리동 530-8,답십리역 1번출구
43,EV,서울 금천구 가산동 148-28,가산동 공영주차장
2456,GA,서울 영등포구 당산동3가 560,영등포구청별관(영등포구청역 3번출구)
267,TO,서울 노원구 상계동 701-1,노원구청
2370,GA,서울 노원구 공릉2동 26-21,삼육대학교C
1224,TO,서울 강남구 대치동 514-1,학여울역
51,GA,서울 금천구 가산동 459-11,가산디지털단지역(제이플라츠)
803,GA,서울 구로구 구로동 2-11,신도림역
243,GA,서울 서대문구 남가좌동 232-3(64-8),남가좌동사거리
1142,GA,서울 강서구 가양동 1488-12,증미역
989,GA,서울 강동구 고덕동 300,온조대왕문화체육관 옆
189,GA,서울 구로구 구로동 586-9,구로역
2469,GA,서울 관악구 봉천동 870-13,서울대입구역 5번출구
400,GA,서울 중구 소공동 1,롯데백화점 본점
24,GA,서울 서초구 방배동 750-20,SK주유소 반포점
1981,GA,서울 마포구 서교동 371-10,메리골드호텔
858,GA,서울 서대문구 창천동 13-12,신촌 명물길
1819,GA,서울 관악구 봉천동 882-1,CU 서울대파인점
473,GA,서울 양천구 목동 908-26,목동체비지
583,GA,서울 강북구 미아동 777-18,삼양오거리
2323,GA,서울 양천구 목2동 532-18,서울양화초등학교 옆
981,GA,서울 구로구 오류1동 25-10,오류시장
520,GA,서울 강서구 방화동 484-17,방화사거리
1044,TO,서울 은평구 응암동 577-7,응암오거리
2544,GA,서울 금천구 시흥동 922-21,CU 시흥독산로점 옆
2440,GA,서울 서초구 반포동 743-19,신논현역 1번출구(친환경)
1037,GA,서울 중구 을지로2가 203,을지로3가역(파인애비뉴)
1151,GA,서울 도봉구 창동 330,창동역(서)(s)
399,TO,서울 강북구 미아4동 70-26,롯데백화점 미아
945,GA,서울 강남구 역삼동 718-11,역삼역 교차로
146,GA,서울 강서구 방화2동 612-18,공항시장역 1번출구
2151,GA,서울 은평구 갈현동 426-3,갈현제1동주민센터 옆
2357,GA,서울 관악구 신림동 1655-27,구로디지털단지입구교차로
2451,GA,서울 마포구 연남동 224-68,연남동 노상공영주차장
2141,GA,서울 용산구 갈월동 87-1,숙대입구역 7번출구
2308,GA,서울 영등포구 당산동3가 562,당산에스에이치빌
1145,EV,서울 은평구 진관동 223-27,진관동주민센터
720,GA,서울 마포구 성산동 199,성산2-1공영주차장
1188,GA,서울 노원구 공릉동 653-5,태릉사거리
511,GA,서울 송파구 방이동 52-1,방이공원
1251,GA,서울 종로구 동숭동 1-143,혜화역 2번출구
2205,GA,서울 영등포구 대림동 745-1,대림3동 공영주차장
61,GA,서울 강남구 역삼동 815,강남역 11번출구
1238,GA,서울 마포구 합정동 373-15,합정역 7번출구
142,GA,서울 마포구 신공덕동 171,공덕역 7번출구
437,GA,서울 마포구 망원동 397-5,망원정사거리
950,TO,서울 은평구 불광동 400-17,연광초교 지하 공영주차장
1214,GA,서울 도봉구 쌍문동 701,하이마트 쌍문점
2006,GA,서울 성동구 도선동 58-1,왕십리역 1번출구(코스모타워)
236,TO,서울 관악구 봉천동 1677-10,행운동 제1공영주차장
908,GA,서울 양천구 신정동 322-3,양천경찰서
845,GA,서울 양천구 신정동 1146,신정네거리역
781,GA,서울 중랑구 신내동 786,신내동(동성프라자)
2273,EV,서울 관악구 봉천동 1728,관악파크푸르지오
644,GA,서울 성동구 성수동2가 329-2,경수중학교 앞
104,GA,서울 강남구 개포동 1176-3,개포동(명일주차장)
79,GA,서울 강동구 상일동 477,강동아트센터
450,GA,서울 중랑구 면목동 193-1,면목한신아파트
91,GA,서울 강동구 강일동 292-2,강일동
2388,GA,서울 강서구 마곡동 759-1,마곡 더랜드타워
2514,GA,서울 영등포구 여의도동 28-3,여의도 메리어트호텔
991,GA,서울 은평구 증산동 160-11,와산교 앞
174,GA,서울 구로구 구로동 102,구로 아트밸리
2278,GA,서울 금천구 가산동 505-1,가산디지털단지 노상주차장
1864,GA,서울 마포구 동교동 166-15,롯데렌터카 마포지점(홍대입구역 8번출구)
1899,GA,서울 마포구 염리동 519,염리 삼성아파트 제2아파트
2352,GA,서울 광진구 자양동 9-4,건대입구역 6번출구
2263,GA,서울 관악구 봉천동 715-88,봉천동 유케이타운빌라
263,GA,서울 동작구 노량진2동 270-3,노량진2동
312,GA,서울 강남구 대치동 980-9,대치2동 주민센터
1280,GA,서울 강서구 화곡동 46-127,화곡본동 주민센터 옆
292,GA,서울 영등포구 당산동5가 11-34,당산역 10번출구
500,GA,서울 서초구 잠원동 75-13,반포
2117,EV,서울 마포구 합정동 472,합정역 8번출구(마포한강푸르지오)
758,GA,서울 용산구 남영동 120-2,숙대입구역 6번출구
1906,GA,서울 중랑구 중화1동 29-2,중화역 2번출구
2150,GA,서울 은평구 응암동 122-4,응암역 4번출구
689,GA,서울 중랑구 면목동 42-58,서일대 앞
58,GA,서울 강남구 논현동 241-8,강남구청역 2번출구
941,GA,서울 강남구 역삼동 626-23,역삼역 6번출구(우진카인테리어)
515,GA,서울 도봉구 방학2동 632-1,방학동 도깨비시장
984,GA,서울 양천구 목동 405-268,오목교역 7번출구
1976,GA,서울 마포구 동교동 161-2,홍대입구역교차로
2182,GA,서울 중구 초동 17-1,을지로3가역 8번출구
1240,GA,서울 마포구 서교동 490,합정역 메세나폴리스
486,GA,서울 송파구 문정동 19,문정푸르지오2차아파트
2142,GA,서울 서대문구 홍제동 342,홍제중앙하이츠아파트 앞
1304,GA,서울 동작구 흑석동 95-7,흑석동
954,GA,서울 은평구 불광동 311-13,연신내역 2번출구
2124,GA,서울 서초구 반포동 74-7,반포4동 주민센터
352,GA,서울 성북구 석관동 245-4,돌곶이역
330,GA,서울 강남구 신사동 627-6,도산공원 앞
2243,GA,서울 구로구 개봉동 134-8,개봉1동주민센터 옆(공영주차장)
310,GA,서울 강남구 개포동 13-2,대청역
1285,GA,서울 강서구 화곡동 370-63,화곡중앙 골목시장 앞
742,GA,서울 송파구 송파동 128,송파초교 앞
2519,GA,서울 강서구 마곡동 797-4,발산역 9번출구
1295,GA,서울 동대문구 휘경동 183-113,회기역 1번출구
116,GA,서울 송파구 문정동 82-13,건영아파트사거리
1095,GA,서울 동대문구 전농동 103-106,전농동CNH홈
2,GA,서울 강동구 천호동 563,2001아울렛 천호점
2310,GA,서울 마포구 노고산동 1-50,이대역 6번출구(우리마포복지관)
600,GA,서울 동작구 상도동 29-87,상도역
995,GA,서울 성동구 행당동 4-12,왕십리역(비트플렉스)
1090,GA,서울 동대문구 장안동 431-4,장한평역 2번출구(동대문 소방서)
608,GA,서울 마포구 상암동 1597,상암 사보이시티DMC
1989,GA,서울 은평구 진관동 7,은평뉴타운구파발9단지래미안아파트
2010,GA,서울 은평구 진관동 101,은평뉴타운박석고개12단지
890,GA,서울 강남구 신사동 610-5 앞,압구정역
97,GA,서울 구로구 개봉동 403-45,개봉2동 주민센터 옆
2163,TO,서울 동대문구 장안동 300,장안동 근린공원
894,GA,서울 마포구 공덕동 105-92,애오개역 4번출구
2441,GA,서울 구로구 구로동 94-1,대림역 4번출구(AJ구로점)
1243,GA,서울 성북구 길음동 20-1,현대백화점 미아점
873,GA,서울 도봉구 쌍문3동 315-62,쌍문역 4번출구
1094,GA,서울 동대문구 전농동 60-31,전농동 사거리
1191,GA,서울 노원구 공릉동 661-16,태릉입구역 5번출구(동명빌딩)
238,GA,서울 종로구 낙원동 254-4,낙원상가
2407,GA,서울 서대문구 창천동 18-42,신촌역 4번출구
2444,GA,서울 관악구 신림동 1729,신대방역 제창그로힐아파트
248,GA,서울 금천구 시흥동 139-2,남부여성발전센터 옆
27,GA,서울 강북구 미아동 62-7,SK주유소 새한점(미아사거리역)
1227,GA,서울 용산구 보광동 242-1,한국폴리텍대학 정수캠퍼스 앞
2080,GA,서울 서대문구 연희동 522-2,연가교교차로 옆
2477,GA,서울 금천구 독산동 1040-60,푸른골 어린이공원 옆
1010,GA,서울 용산구 한강로3가 40-999  ,HDC아이파크몰(용산역)
2217,GA,서울 중랑구 면목동 548-24,면목동 유지빌
2067,GA,서울 용산구 보광동 259-1,기업은행보광동지점 옆
1206,GA,서울 구로구 가리봉동 1-11,하늘공원
1199,GA,서울 송파구 풍납동 154,풍납토성길
222,GA,서울 강동구 길동 392-6,길동역 2번출구
469,GA,서울 양천구 신정동 995-2,목동역 7번출구
787,GA,서울 중구 가산동 464-2,신당동 주민센터
435,TO,서울 마포구 망원동 403-2,망원역 망원시장
509,GA,서울 서초구 방배동 911-22,방배역 3번출구
540,GA,서울 성북구 보문동5가 145-4,보문역 7번출구
2296,GA,서울 관악구 신림동 306-65,삼성동 제2공영주차장
127,GA,서울 강동구 명일동 47-12,고덕역
2218,GA,"서울 광진구 자양동 589-5,6",자양동 지오빌
313,GA,서울 강남구 대치동 980-5,대치2동 주민센터 옆
2083,GA,서울 노원구 상계동 385-1,상계2동 주민센터
178,GA,서울 구로구 구로동 222-31,구로디지털단지
1946,GA,서울 강남구 삼성동142-43,선릉역 10번출구
910,GA,서울 양천구 신정동 321-3,양천구청 앞
2035,GA,서울 강서구 마곡동 768-2,마곡역 동익드미라벨
2013,GA,서울 양천구 신정동 872-5,SK주유소 경인점
2461,GA,서울 중구 만리동2가 218-126,만리동 예술인협동조합주택
813,GA,서울 관악구 신림동 1637-23,신림역 3번출구
1091,GA,서울 동대문구 장안동 443-16,장한평역 3번출구
427,GA,서울 마포구 마포동 180-1,마포역 4번출구
979,GA,서울 구로구 오류동 23-32,오류시장 옆
657,GA,서울 관악구 봉천동 862-1,롯데렌터카 관악영업소(서울대입구역 3번출구)
987,GA,서울 구로구 온수동 51-26,온수역
2318,GA,서울 강서구 화곡동 98-86,볏골공원 공영주차장
266,TO,서울 노원구 월계동 943,노원 세양청마루아파트
830,GA,서울 동대문구 신설동 96-10,예술의전당 앞
2229,GA,서울 강서구 마곡동 797-1,발산역 9번출구(퀸즈파크나인)
2336,GA,서울 서초구 우면동 689,삼성 서울R&D캠퍼스 C타워
2453,GA,서울 광진구 화양동 21-20,화양사거리 광진캠퍼스시티
929,GA,서울 영등포구 여의도동 40-3 여의도초등학교 정문 옆,여의나루역(4번출구 원효대교남단)
2109,GA,서울 관악구 신사동 507-24,GS칼텍스 대한통운신림
135,GA,서울 강서구 염창동 260-7,골든서울호텔
386,GA,서울 마포구 상암동 19-4,디지털미디어시티역 9번출구
2524,GA,서울 구로구 고척동 145-145,고척동 동호파크타운
900,GA,서울 서초구 양재동 90-2,양재동 카페거리
685,GA,서울 중랑구 면목동 181-132,서울중랑초등학교
707,GA,서울 영등포구 양평동3가 96-1,선유도역 6번출구
659,GA,서울 은평구 역촌동 산 31-1,서울서북병원
415,GA,서울 송파구 마천동 17-9,마천공원 옆
972,GA,서울 서초구 서초동 1464-16,예술의전당 앞
74,GA,서울 강동구 성내동 541-2,강동구 보건소
1096,GA,서울 동대문구 전농동 295-29,전농동사거리 옆
2390,GA,서울 마포구 성산동 232-13,스피드메이트 청기와2점
1917,GA,서울 관악구 남현동 1132,서울사당초등학교 뒤
774,GA,서울 금천구 시흥동 886-14,시흥사거리
1235,GA,서울 중랑구 상봉동 137-8,한인 S-Oil
670,GA,서울 마포구 공덕동 168,서울신용보증재단 본점
187,GA,서울 구로구 구로동 139-82,구로리공원
1009,GA,서울 용산구 한강로3가 14-1,용산역 3번출구
902,GA,서울 서초구 양재동 370-5,양재시민의숲역
1150,TO,서울 도봉구 창동 1-9,창동역 1번출구
83,GA,서울 광진구 구의동 599-4,강변역
837,GA,서울 양천구 신월동 411-1,신월4동(신월주차장)
2470,GA,서울 서초구 양재동 311,양재근린공원 공영주차장
567,TO,서울 서초구 방배동 506-9,사당역공영주차장
2355,GA,서울 영등포구 문래동3가 76-1,문래역 1번출구
2319,GA,서울 강서구 화곡동 662-15,강서가로공원 공영주차장
2201,TO,서울 성동구 사근동 223-22,사근동 주민센터
233,TO,서울 강서구 방화동 886,김포공항(스카이파크)
637,GA,서울 서대문구 냉천동 31 감리교신학대학,서대문역(감리신학대)
1195,GA,서울 강남구 삼성동 158-5,포스코사거리
2475,GA,서울 강서구 화곡동 1165-1,우장산역 2번출구 레이존
162,GA,서울 광진구 자양동 779-5,광진구청 옆
893,GA,서울 마포구 아현동 270-15,애오개역 2번출구
1952,GA,서울 서대문구 남가좌동 3-19,충암고등학교 뒤
211,GA,서울 강동구 천호동 34-6,굽은다리역 2번출구
2245,GA,서울 동대문구 전농동 688,전농동 래미안아름숲
2377,GA,서울 서대문구 홍은동 356-1,명지전문대학교
568,GA,서울 용산구 문배동 24-5,삼각지역(용산등기소)
2546,GA,서울 구로구 궁동 83-3,오류고등학교 옆
2471,GA,서울 강남구 삼성동 159-6,도심공항터미널
455,GA,서울 강동구 명일동 223-7,명일2동주민센터
1300,GA,서울 중구 회현동1가 165-1,회현역 3번출구
594,GA,서울 노원구 상계동 84-23 앞,상계역(3번출구 당고개오거리)
36,GA,서울 송파구 문정동 628,가든파이브
961,GA,서울 광진구 자양동 235-3,영동대교 북단
1264,GA,서울 관악구 남현동 612-51,홈플러스 서울남현점
2228,GA,서울 서초구 서초동 1338-12,뱅뱅사거리(한화생명)
559,GA,서울 중랑구 면목동 458-1,사가정역 북부
2371,GA,서울 마포구 동교동 160-5,롯데호텔L7 홍대
229,GA,서울 성북구 길음동 535-22,길음역 7번출구
88,GA,서울 강서구 화곡동 1112-10,강서구청
357,TO,서울 중구 을지로7가 2-1,동대문디자인플라자
287,GA,서울 노원구 상계동 111-549,당고개역 1번출구
2411,GA,서울 양천구 신정동 1018-3,법마을 공영주차장
286,GA,서울 노원구 상계동 140-340,당고개아래(s)
158,GA,서울 관악구 봉천동 961-15,관악우체국삼거리
1933,GA,서울 송파구 오금동 36-3,오금중학교 뒤
202,GA,서울 광진구 구의동 252-109,구의역 1번출구
323,GA,서울 강남구 대치동 924-10,도곡초등학교
2385,GA,서울 마포구 성산동 39-35,홍익대 제3기숙사
2472,GA,서울 마포구 상암동 1596,상암DMC 푸르지오시티
197,GA,서울 관악구 봉천동 492-26,구암초교 앞
1241,GA,서울 영등포구 신길동 812,해군회관앞
1877,GA,서울 동작구 상도동 455,상도래미안1차아파트
745,GA,서울 노원구 상계동 1115-18,수락산역 2번출구
631,GA,서울 마포구 서교동 374-13,서교동사거리
2249,GA,서울 구로구 천왕동 140-2,천왕이펜하우스 7단지
1882,EV,서울 성동구 행당동 376-1,서울숲행당푸르지오아파트
714,GA,서울 성동구 성수2가3동 280-17,성동세무서
1884,GA,서울 강동구 암사동 450-3,선사고등학교 옆
2036,GA,서울 강서구 화곡동 410-4,화곡 8-2공영주차장
1175,GA,서울 동작구 사당3동 산31-6,총신대학교
2149,GA,서울 은평구 불광1동 281-54,불광역 1번출구
291,GA,서울 영등포구 당산동5가 11-39,당산역
2340,GA,서울 성북구 정릉동 1028-4,서경대학교C
1128,GA,서울 노원구 상계동 770-2,중계역
392,GA,서울 영등포구 영등포동8가 62-1,롯데마트 VIC영등포점
920,GA,서울 강남구 청담동 15-18,언북초교
2233,GA,서울 강서구 가양동 1474,대림경동아파트
2436,GA,서울 성동구 사근동 110,한양대병원C
110,GA,서울 광진구 화양동 4-22,건국대 일감문
305,GA,서울 동작구 대방동 508,대방역 e편한세상1차
2185,GA,서울 강북구 미아동 2-1 101동 옆,미아동 어울림소공원 공영주차장
1051,TO,서울 서초구 방배동 493-5,이수역 6번출구
2126,GA,서울 강서구 마곡동 760-1,마곡나루역 1번출구(라마다앙코르호텔)
1813,GA,서울 영등포구 여의도동 31,여의도MBC 구사옥
1857,GA,서울 서대문구 냉천동 261,돈의문 센트레빌
196,GA,서울 은평구 구산동 1-1,구산역 3번출구
868,GA,서울 강서구 화곡동 931-11,신화곡 S-Oil
1023,GA,서울 성북구 하월곡동 227,월곡역 3번출구
145,GA,서울 강서구 방화동 620-191,공항시장역
1077,GA,서울 동대문구 장안동 286-9,장안2동 주민센터
13,TO,서울 금천구 독산동 1093,KT광명빌딩
1848,GA,서울 강동구 강일동 695,강일리버파크10단지
2011,GA,서울 은평구 진관동 13,은평뉴타운상림마을3단지
396,GA,서울 광진구 자양동 227-342,롯데백화점 건대스타시티
1153,GA,서울 마포구 창전동 148-1,창전동CNH홈
737,GA,서울 서초구 반포동 19-3,센트럴시티 타워주차장
362,GA,서울 종로구 숭인동 292-1,동묘앞역 4번출구
646,GA,서울 노원구 공릉동 461-1,서울과기대 정문
107,EV,서울 강서구 개화동 491-3,개화역
433,GA,서울 마포구 망원동 404-38,망원1동 주민센터 옆
2041,GA,서울 양천구 신월동 987,신월문화체육센터 해맞이공영주차장
1005,GA,서울 용산구 용산동2가 11-13,용산2가동 주민센터
2077,GA,서울 강남구 논현동 152  ,학동역 4번출구
818,GA,서울 강서구 방화동 608-9,신방화역 7번출구
1308,GA,서울 금천구 가산동 371-28,롯데렌터카 구로지점(가산디지털단지역 5번출구)
996,GA,서울 동대문구 이문동 306-14,외대앞역
175,GA,서울 구로구 구로동 549-5,구로5동 마을공동주차장
791,GA,서울 중구 신당5동 110-1,신당역 5번출구
2269,GA,서울 용산구 후암동 55-50,후암동 우노주차장
2360,GA,서울 관악구 봉천동 937-13,은천초교 앞
2203,GA,서울 송파구 문정동 618,장지역 파크하비오
1156,GA,서울 송파구 마천동 산1-5,천마공원
2127,GA,서울 은평구 불광동 637,북한산래미안 2단지아파트
1015,GA,서울 중랑구 망우동 410-1,우림시장오거리
2578,GA,서울 은평구 역촌동 62-28,역촌동 주민센터 뒤
592,GA,서울 노원구 상계동 1090-12,상계대림아파트 맞은편
249,GA,서울 서초구 서초동 1445-3,남부터미널
2267,GA,서울 성북구 돈암동 643,길음역 금호어울림 센터힐아파트
801,GA,서울 구로구 신도림동 337,신도림 푸르지오1차
1107,GA,서울 동대문구 제기동 892-72,제기동역
1008,GA,서울 용산구 한강로3가 12-5,용산역
1054,GA,서울 용산구 이태원동 227-9,이태원2동
344,GA,서울 금천구 독산동 152-3,독산사거리
2343,GA,서울 서대문구 연희동 193-4,SK연희기지국
1196,GA,서울 강남구 대치동 892,포스코센터
1283,GA,서울 강서구 화곡동 1070,화곡역 6번출구
2557,GA,서울 강북구 수유동 49-27,화계역 1번출구(빨래골공영주차장)
239,GA,서울 관악구 신림동 598-169,난곡사거리
29,GA,서울 강동구 암사동 513-27,SK주유소 암사점
574,GA,서울 관악구 삼성동 361-71,삼성동시장
715,GA,서울 마포구 성산동 산 12-1,성미산체육관
656,GA,서울 관악구 봉천동 862-1,서울대입구역 3번출구
2526,GA,서울 노원구 상계동 142-6,상계동 백운그랜드캐슬
1204,GA,서울 노원구 중계2동 507,하계역 건영백화점
1292,GA,서울 중구 황학동 2545,황학동(롯데캐슬베네치아)
2521,GA,서울 강남구 역삼동 701,서울상록회관
155,GA,서울 관악구 신림동 1735,관악산휴먼시아 2단지
2374,GA,서울 용산구 청파동1가 121-3,숙명여대 새빛관
1223,GA,서울 강남구 논현동 127-14,학동역 5번출구
806,GA,서울 구로구 신도림동 360-51,신도림역(디큐브시티)
289,GA,서울 영등포구 당산동3가 4-2,당산노외(s)
21,GA,서울 강동구 길동 255-2,SK주유소 길동점
181,GA,서울 구로구 구로동 1127-22,구로디지털단지(티타운빌딩)
2103,GA,서울 마포구 망원동 494,망원동우체국 옆(삼성화원아파트)
836,GA,서울 양천구 신월3동 166-23,신월3동 주민센터 앞
805,GA,서울 구로구 구로동 26,신도림역 3번출구(포스빌)
1886,GA,서울 은평구 수색동 100-1,수색역 1번출구
65,GA,서울 서초구 서초동 1316-5,강남역 9번출구
2076,TO,서울 서초구 양재동 16-13,교육개발원입구교차로
2458,GA,서울 종로구 연건동 38,서울대학교병원 옆
2120,GA,서울 영등포구 대림3동 780,대림운동장
38,GA,서울 송파구 문정동 150-2,가락시장역
210,GA,서울 광진구 중곡동 626-11,군자역(메리놀외방선교회)
1026,GA,서울 송파구 장지동 879,위례신도시22단지
2364,GA,서울 강남구 삼성동 143-20,선정릉 정문 앞(EAN빌딩)
367,GA,서울 마포구 상암동 1610,동아디지털미디어센터
2522,GA,서울 강서구 염창동 257-3,염창동 전방군제빌딩
2506,GA,서울 종로구 부암동 182-1,상명대 앞C
80,GA,서울 강동구 성내동 382-6,강동역
2452,GA,서울 구로구 시흥동 942-6,시흥3동 공영주차장
1898,GA,서울 서초구 양재동 237,양재시민의숲역 1번출구
1919,GA,서울 관악구 성현동 산 101-307,선의 관악종합사회복지관 옆
1850,GA,서울 강동구 고덕동 226-4,고덕2동주민센터
1903,EV,서울 서초구 방배동 977-17,이수중학교 앞
2234,GA,서울 강남구 역삼동 602,신논현역 4번출구
1112,GA,서울 종로구 청진동 119-1,종각역 1번출구
586,GA,서울 송파구 삼전동 38-27,삼전동(비전골프장)
62,GA,서울 강남구 역삼동 635-2,강남역 12번출구
927,GA,서울 금천구 가산동 60-69,엘리시아
2223,GA,서울 강북구 번동 139,번동 해모로아파트
2092,GA,서울 서대문구 홍은동 48-80,CU 홍은벽산점
750,GA,서울 강북구 수유동 612-6,수유사거리
2525,GA,서울 구로구 구로동 3-55,신도림역 2번출구
1996,GA,서울 송파구 신천동 7-18,롯데캐슬골드 잠실점
2538,GA,서울 강동구 천호동 82-12,굽은다리역 1번출구(천호도전숙)
826,GA,서울 노원구 상계동 85-91 옆,신상계초교 밑(가압장 공영)
1155,GA,서울 강동구 천호동 113-38,천동초교 앞
1105,GA,서울 양천구 목동 757-1,정목초등학교
674,GA,서울 중구 봉래동2가 122-11,서울역
1016,GA,서울 서초구 우면동 728,우면동 우체국 앞
270,GA,서울 노원구 상계동 602-3,노원역 9번출구(현성빌딩)
827,GA,서울 종로구 숭인동 1063,신설동역
2137,GA,서울 강서구 마곡동 768-3,마곡역 1번출구(▶동익드미라벨)
484,GA,서울 송파구 문정동 55-1,문정역 1번출구
538,TO,서울 관악구 봉천동 산110-4,보라매제1공영주차장
804,GA,서울 구로구 구로동 3-55,신도림역 2번출구
1000,GA,서울 동대문구 용두동 27-3,하이마트 용두점
1910,GA,서울 광진구 중곡동 626-7,군자역 1번출구
471,GA,서울 양천구 목동 923-6,목동예술인센터
143,TO,서울 마포구 도화동 562,도화동 주민센터
303,GA,서울 동작구 대방동 341-19,대방역
184,GA,서울 관악구 신림동 1677-4,구로디지털단지역(견인보관소)
2019,GA,서울 중랑구 상봉동 501,망우역교차로
2302,GA,서울 성동구 행당동 293-11,왕십리역 동남주차장
695,GA,서울 노원구 월계동 50-9,석계역
2293,GA,서울 양천구 신정동 1068,목동로데오거리 노상공영주차장
1130,GA,서울 광진구 중곡동 230-12,중곡역
957,GA,서울 서대문구 연희동 136-7,연희교차로
2474,GA,서울 동작구 사당동 1008-15,이수역 7번출구 넥스트스파크존
819,EV,서울 은평구 신사동 163-17,신사2동주민센터
2434,GA,서울 강남구 청담동 124-11  ,청담동 주민센터옆(에비뉴)
134,GA,서울 구로구 고척동 329,고척파출소앞 교차로
428,TO,서울 마포구 마포동 36-1,마포유수지
2445,GA,서울 서초구 서초동 1339-9,뱅뱅사거리(메트로주차장)
743,GA,서울 광진구 자양동 227-7,쇼핑몰 건대스타시티
682,GA,서울 강남구 삼성동 171-1,봉은사역 6번출구
2555,GA,서울 서대문구 북가좌동 458,모래내우체국앞 교차로(DMC아이파크)
6,GA,서울 강동구 명일동 315-1,GS슈퍼마켓 명일점
77,GA,서울 강동구 성내동 552-2,강동구청역
1055,GA,서울 용산구 이태원동 181-8,이태원역 1번출구
1281,GA,서울 강서구 화곡동 1070-12,화곡역
1113,TO,서울 종로구 서린동 99,종각역 6번출구(SK서린빌딩)
1087,GA,서울 중구 장충동1가 35-2,장충동 주민센터
812,GA,서울 관악구 신림동 1641-2,신림역 2번출구(포도몰)
223,EV,서울 강동구 길동 400,길동우성2차아파트
1133,GA,서울 중랑구 면목동 183-14,중랑전화국 앞
679,GA,서울 용산구 동자동 43-73,서울역 14번출구
556,GA,서울 은평구 대조동 6-9,불광역 7번출구(오산주차장)
159,GA,서울 노원구 월계동 85-4,광운대역주차장C
2454,GA,서울 송파구 문정동 320-1,문정역 송파법조타운푸르지오시티
2392,GA,서울 광진구 구의동 593-15,동서울터미널 앞
1879,GA,서울 마포구 상암동 1618,상암휴먼시아2단지
206,GA,서울 성북구 정릉동 861-1 지하주차장,국민대
2090,GA,서울 서초구 잠원동 8-5,신사역 5번출구(KJ주차장)
940,GA,서울 강남구 역삼동 735-15,역삼역 3번출구(이스턴 오피스텔)
1007,GA,서울 용산구 이태원동 34-69,용산구청 옆(크라운호텔)
365,GA,서울 동대문구 용두동 38-5,동부청과(s)
103,GA,서울 강남구 개포동 1222-2,개포동(승리주차장)
1045,GA,서울 마포구 대흥동 12-27,이대역 6번출구
2049,GA,서울 서초구 방배동 3001-2,롯데렌터카 사당지점
2145,GA,서울 용산구 청파동3가 119-4,선린인터넷고 앞
703,GA,서울 송파구 석촌동 182-4,석촌역 8번출구
183,GA,서울 구로구 구로동 1124-49,구로디지털단지역 스윙파크주차장
2004,GA,서울 강서구 외발산동 426,메이필드호텔
164,GA,서울 종로구 내수동 167,광화문역 1번출구(대우빌딩)
336,GA,서울 서대문구 영천동 252,독립문역(4번출구 독립문고가밑)
1847,EV,서울 은평구 갈현동 502-3,갈현2동 주민센터
348,GA,서울 성북구 돈암동 538-59,돈암동(아리랑고개)
878,GA,서울 송파구 잠실동 84,아시아공원
1236,GA,서울 강남구 대치동 935-24,한티역 2번출구(메밀연가)
2422,GA,서울 마포구 동교동 147-85  ,홍대입구역 3번출구
2316,GA,서울 성동구 용답동 4-1,답십리역 5번출구
377,TO,서울 노원구 중계동 508-1,등나무근린공원
2271,GA,서울 중구 정동 5-8,서울시청광장
622,GA,서울 은평구 응암동 577-32,새절역 1번출구
523,GA,서울 송파구 삼전동 175-8,배명고교 앞
1267,GA,서울 영등포구 문래동3가 55-3,홈플러스 영등포점
2416,GA,서울 관악구 봉천동 856-1  ,서울대입구역 2번출구(대우디오슈페리움 2단지)C
100,GA,서울 구로구 개봉동 416-175,개봉역 2번출구
1916,GA,서울 강남구 도곡동 949-3,양재역 3번출구(캠코양재타워)
2375,GA,서울 서대문구 남가좌동 269-9,가좌삼거리
1211,GA,서울 은평구 불광동 255-4,하이마트 불광점
732,GA,서울 관악구 봉천동 1703,성현동아아파트
2574,GA,서울 송파구 오금동 120-13,오금동 사거리
242,GA,서울 관악구 신림동 652-156,난우중학교
2398,GA,서울 마포구 성산동 243-3,홍익대학교 제3기숙사
2433,GA,서울 종로구 신문로2가 2-15,서울역사박물관
2490,GA,서울 강서구 등촌동 73-1,가양역 9번출구(금부빌딩)
973,GA,서울 송파구 오금동 50-1,오금동 주민센터
436,GA,서울 마포구 망원동 517,망원우체국교차로
1075,EV,서울 동작구 상도2동 176-3,장승배기역
796,GA,서울 동작구 대방동 405-11,신대방삼거리역 2번출구(코스모빌딩)
1038,GA,서울 중구 수하동 67,을지로입구역(미래에셋센터원)
75,GA,서울 강동구 천호동 41,강동구민회관
1157,TO,서울 구로구 오류동 174-10,천왕역환승공영주차장
1017,GA,서울 영등포구 신길동 219-8,우신초교 앞
132,GA,서울 구로구 고척동 76-15,고척스카이돔 앞
1849,GA,서울 구로구 개봉동 478,개봉한진아파트
2301,GA,서울 노원구 하계동 65-5,하계동 금성하우스C
1012,GA,서울 용산구 한강로2가 12-9,용산주차빌딩
1187,GA,서울 강남구 일원동 4-49,탄천제2호
1897,GA,서울 구로구 구로동 584-12,쌍용정비사업소 서울서비스센터
526,GA,서울 서초구 서초동 1357-65,뱅뱅사거리
712,GA,서울 중구 신당동 161,성동고공영주차장
2131,GA,서울 강남구 개포동 13-3,대청역 1번출구(대청타워)
997,GA,서울 동대문구 이문동 306-14  ,외대앞역C
607,GA,서울 마포구 상수동 93-45,상수역 2번출구
736,TO,서울 종로구 세종로 79-9,세종로공원
2306,GA,서울 도봉구 창동 657-37,창1동공영주차장
865,GA,서울 마포구 노고산동 33-1 지하주차장,신촌역 창천초교
1947,GA,서울 서대문구 북가좌동 5-42,명지대학교 옆
2443,GA,서울 마포구 용강동 472-4,용강동 노상공영주차장
1092,GA,서울 성동구 용답동 229-6,장한평역 8번출구
2133,GA,서울 송파구 방이동 43,몽촌토성역 3번출구
11,GA,서울 노원구 공릉동 375-4 kt공릉빌딩,KT공릉지사
672,GA,서울 금천구 시흥동 704-56,서울신흥초등학교
635,GA,서울 서대문구 연희동 76-24,서대문소방서 옆
861,GA,서울 서대문구 신촌동 74-12,신촌기차역(연세대)
931,GA,서울 영등포구 여의도동 10-2,여의도공원 앞
854,GA,서울 송파구 잠실동 186-9,잠실새내역
1149,GA,서울 도봉구 창2동 582-22,창2동주민센터
57,GA,서울 은평구 갈현1동 9-112,갈현1동공영주차장
354,GA,서울 서대문구 창천동 420,동교동삼거리
1293,EV,서울 중구 황학동 755,황학어린이공원공영주차장
387,GA,서울 성동구 성수동1가 13-164,뚝섬역 4번출구(서울숲IT밸리)
407,GA,서울 강남구 역삼동 706,르네상스호텔사거리
2564,GA,서울 관악구 남현동 1139,남현동 거주자우선주차구역
423,GA,서울 마포구 성산동 590-1,마포구청역 1번출구
748,TO,서울 강남구 수서동 735,수서역
2106,GA,서울 광진구 구의동 252-16,구의역 1번출구(웰츠타워)
2349,GA,서울 강북구 미아동 194,미아역 1번출구
754,GA,서울 강북구 수유동 230-7,수유역 5번출구(효성인텔리안)
691,GA,서울 서초구 서초동 1337-3,서초 우성아파트 옆
2238,GA,서울 강남구 삼성동 157-27,포스코사거리(V-PLEX)
694,GA,서울 서초구 서초동 1718-3,서초역 8번출구
686,GA,서울 마포구 상암동 1739,서울하늘초등학교 앞
857,GA,서울 송파구 잠실동 187-18,잠실새내역 4번출구
1147,GA,서울 강남구 삼성동 172-14,차관아파트사거리
1290,GA,서울 강서구 화곡본동 61-184,화일초교
582,GA,서울 강북구 미아동 691-1,삼양동사거리
1302,GA,서울 용산구 용문동 8-27,효창공원앞역 3번출구
2180,GA,서울 중랑구 묵동 170-1,묵동자이2단지
2493,EV,서울 강동구 현대백화점 천호점,현대백화점 천호점
532,GA,서울 용산구 보광동 70-27,보광동교차로
178,GA,서울 구로구 구로동 222-31,구로디지털단지
2282,GA,서울 강서구 가양동 1478,가양4단지아파트
910,GA,서울 양천구 신정동 321-3,양천구청 앞
2298,GA,서울 노원구 상계동 684,온곡초교입구 교차로
2401,GA,서울 서초구 방배동 875-5,내방역 7번출구(예광빌딩)
830,GA,서울 동대문구 신설동 96-10,예술의전당 앞
987,GA,서울 구로구 온수동 51-26,온수역
2229,GA,서울 강서구 마곡동 797-1,발산역 9번출구(퀸즈파크나인)
424,EV,서울 마포구 염리동 85-2,대흥역 2번출구
1091,GA,서울 동대문구 장안동 443-16,장한평역 3번출구
427,GA,서울 마포구 마포동 180-1,마포역 4번출구
615,GA,서울 마포구 상암동 1613,상암초교사거리
2346,GA,서울 서대문구 북가좌동 5-90,연희중학교 뒤(MJ빌)
1010,GA,서울 용산구 한강로3가 40-999  ,HDC아이파크몰(용산역)
673,GA,서울 양천구 신월동 482-11,서울양강초등학교 옆
2408,GA,서울 용산구 동자동 56,서울역 12번출구(갈월동)
1245,GA,서울 관악구 성현동 494-10,현대시장교차로
696,GA,서울 노원구 월계동 39-1,석계역 2번출구
127,GA,서울 강동구 명일동 47-12,고덕역
2427,EV,서울 송파구 신천동 29,롯데월드타워(EV)
822,GA,서울 은평구 신사동 산 55-5,신사동고개 사거리
2576,GA,서울 은평구 대조동 2-7,불광역 7번출구
222,GA,서울 강동구 길동 392-6,길동역 2번출구
589,GA,서울 노원구 상계동 1259,상계1동 주민센터
435,TO,서울 마포구 망원동 403-2,망원역 망원시장
2170,GA,서울 동작구 상도동 125-32,숭실대입구역 1번출구
2561,GA,서울 강서구 등촌동 628-18,등촌동 트라비하우스
509,GA,서울 서초구 방배동 911-22,방배역 3번출구
2382,GA,서울 은평구 신사동 22-25,응암역 1번출구(비로드카페)
659,GA,서울 은평구 역촌동 산 31-1,서울서북병원
315,GA,서울 종로구 동숭동 28,대학로거리(CU동숭아트점)
1046,GA,서울 서대문구 대현동 145,이대역(예스에이피엠)
40,GA,서울 송파구 문정동 150-27,가락시장역 8번출구
1273,TO,서울 마포구 동교동 157-1,홍대입구역 2번출구
774,GA,서울 금천구 시흥동 886-14,시흥사거리
306,GA,서울 영등포구 신길동 1300,대방역교차로
2548,GA,서울 금천구 독산동 331-69,진도3차아파트 옆
900,GA,서울 서초구 양재동 90-2,양재동 카페거리
98,GA,서울 구로구 개봉동 306-13,개봉동(정도주택)
2389,EV,서울 강동구 성내동 513,성내2동주민센터 옆(중앙아파트)
2480,GA,서울 금천구 시흥동 933-24,서울백산초등학교 앞
2569,GA,서울 광진구화양동 21-20,화양사거리 광진캠퍼스시티C
409,GA,서울 영등포구 영등포동8가 35-1,리마크빌 영등포점
961,GA,서울 광진구 자양동 235-3,영동대교 북단
2371,GA,서울 마포구 동교동 160-5,롯데호텔L7 홍대
229,GA,서울 성북구 길음동 535-22,길음역 7번출구
269,GA,서울 노원구 상계동 341-7,노원역1번출구(마블러스1 오피스텔)
157,GA,서울 금천구 시흥동 1011,관악우방아파트
1893,GA,서울 양천구 신정동 276,신정양천아파트
2268,GA,서울 성북구 보문동3가 230,e편한세상보문아파트
875,GA,서울 서초구 양재동 4-4,쌍용자동차 강남도곡영업소
594,GA,서울 노원구 상계동 84-23 앞,상계역(3번출구 당고개오거리)
2347,GA,서울 마포구 성산동 71-2,성서중학교 옆(노블하우스)
480,EV,서울 영등포구 문래동3가 82-25,문래역 3번출구
924,GA,서울 강남구 초동 107-12,언주역 8번출구
158,GA,서울 관악구 봉천동 961-15,관악우체국삼거리
637,GA,서울 서대문구 냉천동 31 감리교신학대학,서대문역(감리신학대)
2240,GA,서울 강남구 대치동 890-20,롯데렌탈 본사(리프트팀)
1198,TO,서울 강남구 개포동 1273,포이초등학교
1195,GA,서울 강남구 삼성동 158-5,포스코사거리
1986,GA,서울 구로구 천왕동 27,천왕이펜하우스2단지아파트
180,GA,서울 구로구 구로동 222-8,구로디지털단지(코오롱타워빌란트2차)
1150,TO,서울 도봉구 창동 1-9,창동역 1번출구
83,GA,서울 광진구 구의동 599-4,강변역
837,GA,서울 양천구 신월동 411-1,신월4동(신월주차장)
902,GA,서울 서초구 양재동 370-5,양재시민의숲역
681,TO,서울 용산구 서계동 47-3,서울역(공항철도) 4번출구
567,TO,서울 서초구 방배동 506-9,사당역공영주차장
893,GA,서울 마포구 아현동 270-15,애오개역 2번출구
2428,GA,서울 용산구 원효로1가 41  ,용산 더프라임(남영역)
161,GA,서울 종로구 예지동 167-3,광장시장 앞
2463,GA,서울 중구 장교동 74,롯데시티호텔 명동
568,GA,서울 용산구 문배동 24-5,삼각지역(용산등기소)
2130,GA,서울 서대문구 대현동 104-25,신촌기차역입구교차로 옆
2462,GA,서울 중구 봉래동2가 122,서울역 서부주차장
2513,GA,서울 강동구 성내동 11-14,천호역 7번출구(로이하우스)
1128,GA,서울 노원구 상계동 770-2,중계역
1244,GA,서울 서대문구 창천동 30-33,현대백화점 신촌점
52,GA,서울 금천구 가산동 234-46,가산삼익아파트
1175,GA,서울 동작구 사당3동 산31-6,총신대학교
842,GA,서울 양천구 신월동 242-34,신월어린이공원 옆
2206,GA,서울 영등포구 대림동 870,대림어린이공원 공영주차장
291,GA,서울 영등포구 당산동5가 11-39,당산역
448,GA,서울 중랑구 면목동 121-24,면목역 1번출구
2572,GA,서울 성북구 삼선동5가 100-2,삼선동 에이스빌
1303,GA,서울 용산구 효창동 255-5,효창동주민센터
2403,GA,서울 용산구 한강로2가 2-36,용산역 하이엘오피스텔
120,GA,서울 강남구 논현동 261,경복아파트 교차로
2026,EV,서울 은평구 역촌동 62-26,역촌동 주민센터
1132,GA,서울 중랑구 중화동 322-152,중랑역 1번출구
110,GA,서울 광진구 화양동 4-22,건국대 일감문
1021,GA,서울 노원구 월계동 291-12,월계역(신도브래뉴아파트)
137,TO,서울 강서구 화곡동 893-1 kt강서지사,KT강서지사
2337,GA,서울 성동구 용답동 96-8,CU 용답중앙점
2171,GA,서울 양천구 신월동 1032,방원예뜨랑아파트
15,GA,서울 종로구 세종로 100 kt 광화문지사,KT광화문지사
1241,GA,서울 영등포구 신길동 812,해군회관앞
202,GA,서울 광진구 구의동 252-109,구의역 1번출구
1022,EV,서울 성북구 하월곡동 226-1,월곡2 S.H
2086,GA,서울 용산구 한남동 93,용산 한남아이파크
714,GA,서울 성동구 성수2가3동 280-17,성동세무서
1190,GA,서울 노원구 공릉동 576-18,태릉입구역 3번출구
49,GA,서울 금천구 가산동 371-50,가산디지털단지역 5번출구
1213,GA,서울 강북구 수유동 45-2,하이마트 수유점
2369,GA,서울 광진구 자양동 595-15,자양동 에스하임
1025,GA,서울 마포구 성산동 529-15,월드컵경기장역 1번출구
1037,GA,서울 중구 을지로2가 203,을지로3가역(파인애비뉴)
1151,GA,서울 도봉구 창동 330,창동역(서)(s)
2250,GA,서울 강동구 성내동 135-1,CU 성내새빛점
142,GA,서울 마포구 신공덕동 171,공덕역 7번출구
869,GA,서울 도봉구 쌍문동 712-38,쌍문동(동원빌하우스)
1238,GA,서울 마포구 합정동 373-15,합정역 7번출구
584,GA,서울 강남구 대치동 984-12,삼원가든사거리
2009,GA,서울 은평구 불광동 71-16,북한산대창센시티아파트
340,EV,서울 금천구 독산동 971,독산3동 다목적광장
844,GA,서울 양천구 신정3동 1158-1,신정3동 공영주차장
61,GA,서울 강남구 역삼동 815,강남역 11번출구
1251,GA,서울 종로구 동숭동 1-143,혜화역 2번출구
189,GA,서울 구로구 구로동 586-9,구로역
2265,GA,서울 서대문구 북가좌동 286-8,서울연가초등학교 옆
1031,GA,서울 은평구 녹번동 185,은평구청 앞
1224,TO,서울 강남구 대치동 514-1,학여울역
2372,GA,서울 중구 중림동 441,충정로역 4번출구
2007,GA,서울 성북구 종암동 80,종암삼성래미안아파트
51,GA,서울 금천구 가산동 459-11,가산디지털단지역(제이플라츠)
803,GA,서울 구로구 구로동 2-11,신도림역
1142,GA,서울 강서구 가양동 1488-12,증미역
2135,EV,서울 마포구 상암동 1658,상암월드컵파크5단지
520,GA,서울 강서구 방화동 484-17,방화사거리
981,GA,서울 구로구 오류1동 25-10,오류시장
220,GA,서울 강동구 둔촌동 439,길동사거리 구)세스코빌딩
2498,GA,서울 관악구 청룡동 1539-1,청룡동 주민센터
1044,TO,서울 은평구 응암동 577-7,응암오거리
2050,GA,서울 양천구 신정동 920-23,신정동 애시안빌라
2566,GA,서울 관악구 신림동 11-7,신림역 1번출구(해성코쿤프라자)
2352,GA,서울 광진구 자양동 9-4,건대입구역 6번출구
263,GA,서울 동작구 노량진2동 270-3,노량진2동
1280,GA,서울 강서구 화곡동 46-127,화곡본동 주민센터 옆
1955,GA,서울 강서구 화곡동 1076-14,알뜰주유소 화곡역점
783,GA,서울 강남구 논현동 201-11,신논현역 3번출구
68,GA,서울 강남구 논현동 65-1,강남을지병원 뒤
2197,GA,서울 서대문구 신촌동 107-34,세브란스병원
991,GA,서울 은평구 증산동 160-11,와산교 앞
174,GA,서울 구로구 구로동 102,구로 아트밸리
1885,EV,서울 강남구 세곡동 522,세곡리엔파크4단지아파트
2404,GA,서울 중구 소공동 76-3,롯데백화점 본점
2018,GA,서울 강서구 등촌동 648-5,등촌역 1번출구
2073,GA,서울 동작구 신대방동 587-18,대림삼거리
236,TO,서울 관악구 봉천동 1677-10,행운동 제1공영주차장
55,GA,서울 강서구 등촌동 628,가양역 6번출구
908,GA,서울 양천구 신정동 322-3,양천경찰서
508,GA,서울 서초구 방배동 942-20,방배동(내방주차장)
950,TO,서울 은평구 불광동 400-17,연광초교 지하 공영주차장
488,GA,서울 관악구 삼성동 366,미림여고입구
104,GA,서울 강남구 개포동 1176-3,개포동(명일주차장)
1915,GA,서울 노원구 상계동 1096-13,노원 상록수아파트1단지 앞
845,GA,서울 양천구 신정동 1146,신정네거리역
2386,GA,서울 영등포구 여의도동 26,여의도역 3번출구
310,GA,서울 강남구 개포동 13-2,대청역
1285,GA,서울 강서구 화곡동 370-63,화곡중앙 골목시장 앞
26,EV,서울 중랑구 망우동 490-8,SK주유소 상봉점
1982,GA,서울 광진구 자양동 622-8,자양골목시장 앞
2225,GA,서울 동작구 노량진동 57-1,노량진역 메가스터디타워
1258,GA,서울 금천구 독산동 291-7,홈플러스 금천점
58,GA,서울 강남구 논현동 241-8,강남구청역 2번출구
101,GA,서울 구로구 개봉동 403-31,개봉역(중앙)(s)
1048,GA,서울 은평구 응암동 89-34,이마트 은평점
1998,GA,서울 성동구 행당동 4-12,왕십리역(비트플렉스)C
1304,GA,서울 동작구 흑석동 95-7,흑석동
2259,GA,서울 노원구 중계동 361-1,롯데우성아파트
2124,GA,서울 서초구 반포동 74-7,반포4동 주민센터
1252,GA,서울 중구 쌍림동 270-2,호텔더디자이너스 동대문점
954,GA,서울 은평구 불광동 311-13,연신내역 2번출구
2032,GA,서울 용산구 후암동 65-4,후암시장
352,GA,서울 성북구 석관동 245-4,돌곶이역
504,GA,서울 강서구 등촌동 673-6,발산역 4번출구(성원상떼뷰오피스텔)
984,GA,서울 양천구 목동 405-268,오목교역 7번출구
1240,GA,서울 마포구 서교동 490,합정역 메세나폴리스
1976,GA,서울 마포구 동교동 161-2,홍대입구역교차로
2039,GA,서울 마포구 중동 271,서울가좌행복주택아파트
443,GA,서울 중랑구 면목동 175-1,면목 S-Oil
1920,EV,서울 서초구 잠원동 89-5,잠원동
1836,GA,서울 은평구 응암동 370-4,GS칼텍스 서부(서울)
41,GA,서울 금천구 가산동 60-23,가리봉 로데오거리(건우정공)
1246,TO,서울 중구 을지로6가 17-2,현대시티아울렛 동대문점
894,GA,서울 마포구 공덕동 105-92,애오개역 4번출구
1829,GA,서울 양천구 목동 121-4,GS칼텍스 건지
1942,GA,서울 강서구 화곡동 891-25,강서구문화복지센터 옆
2251,GA,서울 은평구 진관동 54-22,은평뉴타운구파발10단지 아파트
2550,GA,서울 강남구 삼성동 35-3,선정릉역 2번출구
2069,GA,서울 구로구 오류동 306-4,천왕역 2번출구
1227,GA,서울 용산구 보광동 242-1,한국폴리텍대학 정수캠퍼스 앞
713,TO,서울 성동구 행당동 168-31,성동구청
2123,GA,서울 용산구 동자동 43-196,서울역 13번출구
2494,GA,서울 강북구 삼양동종합복지센터 옆,삼양동종합복지센터 옆
2407,GA,서울 서대문구 창천동 18-42,신촌역 4번출구
1967,GA,서울 서대문구 북가좌동 340-35,증산2교 옆
2,GA,서울 강동구 천호동 563,2001아울렛 천호점
116,GA,서울 송파구 문정동 82-13,건영아파트사거리
97,GA,서울 구로구 개봉동 403-45,개봉2동 주민센터 옆
2449,GA,서울 동작구 흑석동 64-3,흑석3동 청소년독서실
1834,GA,서울 강북구 미아동 1360,GS칼텍스 미아
1930,GA,서울 성북구 석관동 407-4,돌곶이역 8번출구
600,GA,서울 동작구 상도동 29-87,상도역
995,GA,서울 성동구 행당동 4-12,왕십리역(비트플렉스)
890,GA,서울 강남구 신사동 610-5 앞,압구정역
2327,GA,서울 강동구 상일동 490,고덕리엔파크3단지
2254,EV,서울 서대문구 창천동 388,동교동삼거리 옆
2281,GA,서울 동대문구 전농동 32-4,전농하우스토리
213,GA,서울 금천구 시흥동 1013,금천 벽산5단지 아파트
2495,GA,서울 강북구 삼양사거리역 2번출구,삼양사거리역 2번출구
2276,GA,서울 양천구 신월동 267-8,서서울호수공원
64,GA,서울 강남구 역삼동 826-26,강남역 3번출구
812,GA,서울 관악구 신림동 1641-2,신림역 2번출구(포도몰)
408,GA,서울 중구 흥인동 86,리마크빌 동대문
2540,EV,서울 마포구 도화동 173,마포역 2번출구
356,GA,서울 동대문구 답십리동 474-2,동대문구답십리도서관 앞
397,GA,서울 관악구 봉천동 729-22,롯데백화점 관악
2445,GA,서울 서초구 서초동 1339-9,뱅뱅사거리(메트로주차장)
978,GA,서울 구로구 오류동 77-1,오류동역 지하차도 앞
723,GA,서울 성동구 성수동2가 299-19,성수동
1177,GA,서울 중구 충무로3가 60-1,충무로역 5번출구
743,GA,서울 광진구 자양동 227-7,쇼핑몰 건대스타시티
846,GA,서울 양천구 신정동 943-25,신정역
682,GA,서울 강남구 삼성동 171-1,봉은사역 6번출구
528,GA,서울 중구 신당동 432-2026,버티고개역 1번출구
1006,GA,서울 용산구 후암동 258-8,용산고교 앞
566,GA,서울 동작구 사당동 1044-4,사당역 7번출구
797,GA,서울 동작구 상도3동 418,신대방삼거리역 6번출구
2166,GA,서울 강남구 대치동 995-28,삼성역 1번출구
975,GA,서울 송파구 가락동 7-2,오금역 6번출구
428,TO,서울 마포구 마포동 36-1,마포유수지
77,GA,서울 강동구 성내동 552-2,강동구청역
217,GA,서울 성동구 금호동 2가 511,금호초교
125,EV,서울 강동구 강일동 608-1,고덕리엔파크1단지
871,GA,서울 도봉구 창동 659-29,쌍문역 2번출구(삼성쉐르빌)
1281,GA,서울 강서구 화곡동 1070-12,화곡역
651,GA,서울 송파구 잠실동 47,서울놀이마당
703,GA,서울 송파구 석촌동 182-4,석촌역 8번출구
183,GA,서울 구로구 구로동 1124-49,구로디지털단지역 스윙파크주차장
1208,GA,서울 강동구 길동 336-1,하이마트 길동점
336,GA,서울 서대문구 영천동 252,독립문역(4번출구 독립문고가밑)
878,GA,서울 송파구 잠실동 84,아시아공원
374,GA,서울 강동구 성내동 428-2,둔촌동역 3번출구
377,TO,서울 노원구 중계동 508-1,등나무근린공원
348,GA,서울 성북구 돈암동 538-59,돈암동(아리랑고개)
379,GA,서울 강서구 등촌동 715,등촌아이파크아파트
2246,GA,서울 동작구 본동 487,한신휴플러스아파트
1968,GA,서울 강서구 화곡동 56-127,화일초교 옆
2516,GA,서울 강동구 강일동 409,강일리버파크 11단지
2467,GA,서울 강북구 미아동 791-1694,서울삼양초등학교 뒤
23,GA,서울 광진구 화양동 302-13,SK주유소 대명점(화양동)
625,GA,서울 영등포구 여의도동 61-1,샛강역 (63주차장)
329,GA,서울 도봉구 방학동 705-15,도봉햇살 S-Oil
1007,GA,서울 용산구 이태원동 34-69,용산구청 옆(크라운호텔)
2285,GA,서울 관악구 봉천동 1570-1,관악구청
2438,EV,서울 서초구 양재동 301-6,양재 구룡공영주차장(EV)
96,GA,서울 구로구 개봉동 105-6,개봉1동마을
103,GA,서울 강남구 개포동 1222-2,개포동(승리주차장)
2200,GA,서울 서초구 서초동 1319-9,강남역 8번출구
2547,GA,서울 관악구 신림동 105,남광서원
436,GA,서울 마포구 망원동 517,망원우체국교차로
1154,GA,서울 서대문구 창천동 100-26,창천동(화이트빌)
2178,GA,서울 금천구 가산동 547-63,골드리버호텔
176,GA,서울 구로구 구로동 435,구로구청
242,GA,서울 관악구 신림동 652-156,난우중학교
2208,GA,서울 은평구 불광1동 8-97,불광1동 거주자우선주차구역
1257,GA,서울 강서구 등촌동 639-11,홈플러스 강서점
241,GA,서울 관악구 신림동 1476-55,난곡우체국
2305,GA,서울 용산구 용산동2가 11,용산2가 주민센터
1187,GA,서울 강남구 일원동 4-49,탄천제2호
1012,GA,서울 용산구 한강로2가 12-9,용산주차빌딩
1157,TO,서울 구로구 오류동 174-10,천왕역환승공영주차장
132,GA,서울 구로구 고척동 76-15,고척스카이돔 앞
1017,GA,서울 영등포구 신길동 219-8,우신초교 앞
2331,GA,서울 마포구 망원동 464-32,망원동 애플하임
2562,GA,서울 강서구 화곡동 902-3,까치산역 3번출구(메인스트리트호텔)
909,GA,서울 양천구 신정동 321-4,양천구청
54,GA,서울 강서구 등촌동 717,가양역 10번출구
1138,GA,서울 동작구 상도동 54-27,중앙대학교 후문C
523,GA,서울 송파구 삼전동 175-8,배명고교 앞
2005,GA,서울 서대문구 남가좌동 376,남가좌 현대아파트
2537,GA,서울 강동구 천호동 455-36,이마트 천호점
596,GA,서울 노원구 상계동 1084-1,상계현대4차아파트 뒤
2450,GA,서울 마포구 노고산동 49-60,신촌역 노외공영주차장
2256,GA,서울 중구 회현동1가 205,신세계백화점 본점
1896,GA,서울 영등포구 영등포동7가 47-2,쌍용자동차 영등포중앙영업소
2375,GA,서울 서대문구 남가좌동 269-9,가좌삼거리
691,GA,서울 서초구 서초동 1337-3,서초 우성아파트 옆
2106,GA,서울 광진구 구의동 252-16,구의역 1번출구(웰츠타워)
748,TO,서울 강남구 수서동 735,수서역
694,GA,서울 서초구 서초동 1718-3,서초역 8번출구
2497,GA,서울 강북구 미아동 791-1360,구세군길 공영주차장
686,GA,서울 마포구 상암동 1739,서울하늘초등학교 앞
1210,GA,서울 강동구 둔촌동 435-5,하이마트 둔촌지점
407,GA,서울 강남구 역삼동 706,르네상스호텔사거리
1242,GA,서울 강남구 삼성1동 148-7,현대백화점 무역센터점
2324,GA,서울 마포구 도화동 570,신라스테이 마포점
1827,EV,서울 서대문구 남가좌동 255-22,DMC파크뷰자이2단지
423,GA,서울 마포구 성산동 590-1,마포구청역 1번출구
1811,GA,서울 강동구 명일동 312-35,CU 명일점
1030,GA,서울 은평구 녹번동 87-1,은평구청
2180,GA,서울 중랑구 묵동 170-1,묵동자이2단지
1302,GA,서울 용산구 용문동 8-27,효창공원앞역 3번출구
2502,GA,서울 동대문구 이문동 1-3,경희대학교 푸른솔문화관C
1147,GA,서울 강남구 삼성동 172-14,차관아파트사거리
1290,GA,서울 강서구 화곡본동 61-184,화일초교
582,GA,서울 강북구 미아동 691-1,삼양동사거리
341,EV,서울 금천구 독산동 187-40,독산4동 공영주차장
736,TO,서울 종로구 세종로 79-9,세종로공원
347,GA,서울 성북구 동선동1가 119-10,성신여대입구역 1번출구
526,GA,서울 서초구 서초동 1357-65,뱅뱅사거리
712,GA,서울 중구 신당동 161,성동고공영주차장
1853,GA,서울 성북구 길음동 1280-3,길음 뉴타운3단지 아파트
616,GA,서울 성동구 도선동 252,상왕십리역 3번출구
607,GA,서울 마포구 상수동 93-45,상수역 2번출구
1888,GA,서울 마포구 신공덕동 159,신공덕2삼성래미안제2아파트
2395,GA,서울 노원구 상계동 341-15,노원역1번출구(마블러스2 오피스텔)
1149,GA,서울 도봉구 창2동 582-22,창2동주민센터
2100,EV,서울 마포구 성산동 59-12,성서중학교 옆
2133,GA,서울 송파구 방이동 43,몽촌토성역 3번출구
2348,GA,서울 성동구 성수동2가 279-1,성수역 2번출구
841,GA,서울 양천구 신월동 263,신월사거리 으뜸공원
2077,GA,서울 강남구 논현동 152  ,학동역 4번출구
818,GA,서울 강서구 방화동 608-9,신방화역 7번출구
996,GA,서울 동대문구 이문동 306-14,외대앞역
260,GA,서울 서초구 방배동 941-4,내방역 4번출구
2442,GA,서울 구로구 신도림동 413-43,구로역 코리아빌딩
1156,GA,서울 송파구 마천동 산1-5,천마공원
791,GA,서울 중구 신당5동 110-1,신당역 5번출구
1135,GA,서울 동작구 흑석동 223-74,중앙대 입구
32,TO,서울 종로구 경운동 96-18,SK주유소 재동점(안국역)
196,GA,서울 은평구 구산동 1-1,구산역 3번출구
309,GA,서울 노원구 하계동 65-22,대진고등학교 앞
1890,GA,서울 은평구 신사동 359,신사현대1차아파트
16,TO,서울 영등포구 여의도동 28 -2 KT여의도지사,KT여의도지사
2003,GA,서울 강서구 방화동 278-31,쉐보레 강서마곡대리점
1023,GA,서울 성북구 하월곡동 227,월곡역 3번출구
1928,GA,서울 서대문구 북아현동 1011,아현역푸르지오 1단지
2512,GA,서울 서초구 서초동 1498-5,서초역 마제스타시티
18,TO,서울 강서구 등촌동 689,NC백화점 강서점
2112,GA,서울 영등포구 신길동 3632-2,GS칼텍스 신길
2075,EV,서울 성동구 성수동1가 22-8,헤이그라운드
1051,TO,서울 서초구 방배동 493-5,이수역 6번출구
396,GA,서울 광진구 자양동 227-342,롯데백화점 건대스타시티
933,GA,서울 영등포구 여의도동 35-5,여의도역 5번출구
737,GA,서울 서초구 반포동 19-3,센트럴시티 타워주차장
145,GA,서울 강서구 방화동 620-191,공항시장역
2551,GA,서울 관악구 신림동 306-116,신림빌라 옆
165,GA,서울 종로구 청진동 268-2,광화문역 4번출구
171,GA,서울 서초구 서초동 1573-14,교대역 9번출구
1077,GA,서울 동대문구 장안동 286-9,장안2동 주민센터
1995,GA,서울 노원구 월계동 648,인덕대C
1860,GA,서울 강남구 대치동 890-20,롯데렌탈 본사(선릉역)
1994,GA,서울 동대문구 전농동 155,전농삼성아파트C
350,GA,서울 성북구 돈암동 15-1,돈암삼성아파트
656,GA,서울 관악구 봉천동 862-1,서울대입구역 3번출구
602,GA,서울 종로구 홍지동 126-2,상명대
2237,GA,서울 강서구 염창동 240-21,증미역 2번출구
2391,GA,서울 강동구 강일동 675-1,강일동 강일타워오피스텔
2457,GA,서울 용산구 동자동 43-227,서울역 15번출구
2078,GA,서울 동작구 상도1동 402-1,상도역 5번출구
2510,TO,서울 강남구 역삼동 679,역삼역 7번출구(GS타워)
2104,GA,서울 성북구 동선동3가 195,성신여대(성신여성고시원)
599,GA,서울 동작구 상도동 527,상도브라운스톤아파트
527,GA,서울 서초구 서초동 1358-6,뱅뱅사거리(국민은행)
1107,GA,서울 동대문구 제기동 892-72,제기동역
801,GA,서울 구로구 신도림동 337,신도림 푸르지오1차
578,GA,서울 강남구 대치동 1000-6,삼성역
216,GA,서울 성동구 금호동2가 1215,금호자이1차 아파트
1120,GA,서울 성북구 종암동 3-1342,종암경찰서 옆
2505,GA,서울 은평구 응암동 103-20 옆,응암동 거주자우선주차구역
466,GA,서울 양천구 신정동 325,목동11단지아파트
1015,GA,서울 중랑구 망우동 410-1,우림시장오거리
249,GA,서울 서초구 서초동 1445-3,남부터미널
525,GA,서울 금천구 시흥동 904,백산 S-Oil
574,GA,서울 관악구 삼성동 361-71,삼성동시장
2183,GA,서울 은평구 응암동 84-6,응암지구대 옆
239,GA,서울 관악구 신림동 598-169,난곡사거리
2365,GA,서울 강남구 역삼동 629-5,역삼역 6번출구
344,GA,서울 금천구 독산동 152-3,독산사거리
1196,GA,서울 강남구 대치동 892,포스코센터
1201,GA,서울 노원구 하계동 273-2,하계2동 주민센터
210,GA,서울 광진구 중곡동 626-11,군자역(메리놀외방선교회)
2535,GA,서울 은평구 서울 은평구 신사2동 300-98,신사2동 거주자우선주차구역
636,GA,서울 서대문구 미근동 332,서대문역 8번출구
65,GA,서울 서초구 서초동 1316-5,강남역 9번출구
2076,TO,서울 서초구 양재동 16-13,교육개발원입구교차로
668,GA,서울 중구 태평로1가 31 서울특별시청,서울시청 본관
2552,GA,서울 관악구 신림동 1657-59,KT구로지사 옆
476,GA,서울 중랑구 묵동 238-8,묵동삼거리
2119,GA,서울 중랑구 망우동 564-1,호텔스타 상봉점
2160,TO,서울 성동구 용답동 226-7,용답동 도전숙
1922,GA,서울 양천구 신정3동 1289-2,백암고등학교 옆(신정도시마을주택)
431,TO,서울 금천구 독산동 1030-1,말미사거리(노보텔앰배서더 독산)
181,GA,서울 구로구 구로동 1127-22,구로디지털단지(티타운빌딩)
521,GA,서울 강서구 방화동 567-28,방화사거리(국민은행)
2191,GA,서울 송파구 방이동 89-26,올림픽공원(올림픽공원역)
2479,GA,서울 금천구 독산동 982-6,서울문성초등학교 옆
2429,GA,서울 용산구 한강로2가 391  ,용산역 서울창조경제혁신센터
1223,GA,서울 강남구 논현동 127-14,학동역 5번출구
806,GA,서울 구로구 신도림동 360-51,신도림역(디큐브시티)
1222,GA,서울 강남구 논현동 213-35,학동역 1번출구
395,GA,서울 노원구 중계동 361,롯데마트 중계점
2406,GA,서울 동작구 사당동 1008-15,이수역 7번출구(AJ모터스주차장)
836,GA,서울 양천구 신월3동 166-23,신월3동 주민센터 앞
1114,GA,서울 서대문구 충정로3가 368 종근당빌딩,종근당빌딩
2101,GA,서울 성북구 동소문동5가 120,성신여대입구역 3번출구
2504,GA,서울 은평구 대조동 240,NC백화점 불광점
419,GA,서울 마포구 성산동 533-1,마포 농수산물시장
2114,GA,서울 동작구 상도동 363-3,장승배기역 5번출구(상도파크자이)
793,GA,서울 동작구 대방동 395-1,신대방삼거리역
827,GA,서울 종로구 숭인동 1063,신설동역
2329,GA,서울 관악구 신림동 518-5,신대방역 청자빌딩
459,GA,서울 서대문구 홍은2동 402-1,명지대입구교차로
538,TO,서울 관악구 봉천동 산110-4,보라매제1공영주차장
484,GA,서울 송파구 문정동 55-1,문정역 1번출구
750,GA,서울 강북구 수유동 612-6,수유사거리
317,GA,서울 마포구 염리동 180-4,대흥역
2231,GA,서울 강남구 역삼동 756-19,한티역 8번출구
1105,GA,서울 양천구 목동 757-1,정목초등학교
695,GA,서울 노원구 월계동 50-9,석계역
1983,GA,서울 성북구 길음동 1281-1,길음중학교 앞
2277,GA,서울 동대문구 신설동 117-12,시립동대문도서관 옆
1130,GA,서울 광진구 중곡동 230-12,중곡역
866,TO,서울 영등포구 신길동 3203-1,신풍역
143,TO,서울 마포구 도화동 562,도화동 주민센터
303,GA,서울 동작구 대방동 341-19,대방역
471,GA,서울 양천구 목동 923-6,목동예술인센터
2019,GA,서울 중랑구 상봉동 501,망우역교차로
947,GA,서울 강남구 역삼동 832-5,역삼초교 앞
2437,EV,서울 서초구 방배동 493-5,이수역 6번출구(EV)
184,GA,서울 관악구 신림동 1677-4,구로디지털단지역(견인보관소)
1112,GA,서울 종로구 청진동 119-1,종각역 1번출구
586,GA,서울 송파구 삼전동 38-27,삼전동(비전골프장)
1216,GA,서울 양천구 목1동 404-160,하이마트 오목교점
62,GA,서울 강남구 역삼동 635-2,강남역 12번출구
2383,GA,서울 강서구 방화동 500-8,김포공항 셔틀(개화사거리)
212,GA,서울 성동구 금호동4가 548-1,금남시장교차로 앞
468,GA,서울 양천구 목동 808-31,목동역 3번출구
2215,GA,서울 중구 의주로1가 25-10,서대문역 6번출구(바비엥2)
2528,GA,서울 서대문구 홍은1동 8 앞,옥천교 옆
2509,GA,서울 은평구 갈현동 469-5,구산역 4번출구
958,GA,서울 서초구 양재동 352-9,염곡사거리
5,GA,서울 영등포구 양평동1가 5-1,GS강서N타워
2014,GA,서울 송파구 가락동 146-6,SK주유소 서원점
2192,GA,서울 강남구 삼성동 35-4,선정릉역(대승주차장)
2174,GA,서울 영등포구 영등포동 592-10,영등포본동 주민센터 옆
2554,GA,서울 은평구 서울 은평구 녹번동 95-12,은평여성인력개발센터 옆
115,GA,서울 광진구 자양동 7-6,건대입구역(일승주차장)
2161,GA,서울 송파구 장지동 837,송파파인타운4단지아파트
2184,EV,서울 동대문구 전농동 10,전농동SK아파트
1047,GA,서울 강동구 명일동 47-7,이마트 명일점
831,TO,서울 동대문구 신설동 114-29,신설동역(9번출구 풍물시장)
911,GA,서울 양천구 신정동 322-5,양천구청역
611,GA,서울 마포구 상암동 1145-1,상암DMC역 7번출구
983,GA,서울 양천구 목1동 919-8,오목교역 2번출구
2568,GA,서울 광진구 군자동 467-22,현대자동차 군자지점
721,GA,서울 마포구 성산동 56-1,성산2교사거리
2138,TO,서울 성동구 금호동4가 800,금호대우아파트
1207,GA,서울 광진구 자양3동 227-3,하이마트 건대입구점
2239,GA,서울 강남구 대치동 890-38,그린카 본사
280,GA,서울 강남구 논현동 140,논현역(영동프라자)
1289,GA,서울 성동구 송정동 68-44,화양사거리
1066,GA,서울 광진구 자양동 219-5,구의역
282,GA,서울 마포구 상암동 1605,누리꿈스퀘어
105,GA,서울 강남구 개포동 183-1,개포동공원
569,GA,서울 용산구 문배동 24-8,용산등기소앞(프라임팰리스)
2070,GA,서울 송파구 문정동 640-5,문정동(AJ파크)
398,GA,서울 노원구 상계동 713,롯데백화점 노원
381,GA,서울 양천구 목동 615-1,등촌역 6번출구
587,GA,서울 송파구 잠실동 251-9,삼전사거리
580,GA,서울 강남구 삼성동 159 (좌측 입구),삼성역(오크우드호텔)
2517,GA,서울 서초구 서초동 1424-2,서울서일초등학교 앞(JW타워)
106,TO,서울 강서구 방화동 844,개화산역
1086,GA,서울 중구 신당동 432-458,장충고등학교 옆
506,GA,서울 서초구 방배동 761-3,방배동 카페골목
179,GA,서울 구로구 구로동 188-25,롯데시티호텔 구로
2571,GA,서울 성동구 송정동 68-44,화양사거리 대진주차장
962,GA,서울 영등포구 영등포동4가 442,영등포 타임스퀘어
2320,GA,서울 은평구 녹번동 153-2,역촌역
1209,GA,서울 금천구 독산동 292-33,하이마트 독산점
93,GA,서울 강동구 강일동 324,강일리버파크 3단지
2198,GA,서울 서대문구 신촌동 134,연세대학교
785,GA,서울 서초구 서초동 1309-9,신논현역 6번출구
2536,GA,서울 강동구 명일동 47-7,이마트 명일점
653,GA,서울 관악구 봉천동 865-1,서울대입구역
795,GA,서울 동작구 신대방동 351-5,신대방삼거리역 2번출구
1838,GA,서울 강남구 대치동 913-18,GS칼텍스 센트럴
416,GA,서울 송파구 마천동 128-9,마천역 1번출구
1226,GA,서울 마포구 신수동 448-6,한국출판콘텐츠센터
2499,GA,"서울 성동구 구의동 227-31, 32",구의동 에스하임
2394,GA,서울 노원구 공릉동 362-28,공릉역 공릉빌
728,GA,서울 성북구 동선동1가 121-6,성신여대
960,GA,서울 양천구 목동 515-29,염창역 3번출구(국제주차장)
169,GA,서울 서초구 서초동 1714-18,교대역 11번출구
2156,GA,서울 관악구 신림동 1726,관악우정하이비전 2단지아파트
2344,GA,서울 관악구 봉천동 729-1,SK보라매사옥
994,GA,서울 성동구 마장동 399-98,왕십리역(마장국민체육센터)
1050,GA,서울 동작구 사당동 138-3,이수역 12번출구
234,GA,서울 강서구 화곡동 353-8,까치산역 4번출구(까치주차장)
2393,GA,서울 광진구 자양동 663-21,서울성자초교 옆
2311,GA,서울 마포구 신공덕동 157,마포문화원 옆
1878,GA,서울 마포구 상암동 1743,상암 월드컵12단지아파트
441,GA,서울 중랑구 묵동 171-4,먹골역 1번출구
1073,TO,서울 송파구 신천동 29,잠실역
1843,GA,서울 성북구 상월곡동 23-94,GS칼텍스 화랑
884,GA,서울 강동구 암사동 산59-2,암사동
2573,GA,서울 성북구 정릉동 892-12,국민대 지하세계
1233,GA,서울 성동구 사근동 110,한양대병원
1938,GA,서울 영등포구 여의도동 23-3,여의도공원앞 교차로
2396,GA,서울 도봉구 쌍문동 507-1,솔밭공원역 1번출구
2309,GA,서울 양천구 신정동 1294,양천고등학교 옆
255,GA,서울 동작구 사당동 318-12,남성역
1970,GA,서울 강서구 화곡동 1045,화곡푸르지오아파트 옆
662,GA,서울 강남구 논현동 238-5,서울세관사거리
1270,GA,서울 노원구 중계동 509-2,홈플러스 중계점
833,GA,서울 구로구 구로동 197-12,신세계아이앤씨디지털센터
2128,GA,서울 강서구 공항동 36-12,송정역 3번출구
1902,GA,서울 송파구 장지동 878,위례 송파푸르지오
1167,GA,서울 강남구 청담동 49-3,청담사거리
2042,EV,서울 강북구 미아동 222-100,미아동 공영주차장
204,TO,서울 은평구 진관동 66-30,구파발역
529,GA,서울 중구 신당동 432-2277,버티고개역(버티공영)
1926,GA,서울 강서구 마곡동 784-13,CU 마곡아르디에점
31,GA,서울 광진구 자양동 677-5,SK주유소 장호점(잠실대교북단)
2321,GA,서울 구로구 개봉동 403-10,개봉고가차도 밑
251,GA,서울 서초구 서초동 1443-9,남부터미널역 3번출구
786,GA,서울 서초구 서초동 1302-46,신논현역 7번출구
882,GA,서울 종로구 관훈동 112-4,안국역 6번출구
84,GA,서울 강서구 화곡동 368-1,강서 가로공원
814,GA,서울 관악구 신림동 1426-6,신림역 7번출구(가야위드안)
817,GA,서울 관악구 삼성동 324-14,신림태흥아파트 뒤
67,GA,서울 강남구 역삼동 829-20,강남역4번출구
2478,GA,서울 금천구 시흥동 812-4,시흥4동주민센터 앞
2417,GA,서울 광진구 군자동 471-12,CU 군자중앙점
272,GA,서울 관악구 신림동 247-2,녹두거리 치안센터 옆
12,GA,서울 강서구 공항동 11-10,KT공항지사
1993,GA,서울 노원구 월계동 447-1,광운대학교
1276,GA,서울 마포구 상수동 72-1,홍익대학교
50,GA,서울 금천구 가산동 464-2,가산디지털단지역 7번출구
1178,GA,서울 중구 충무로3가 40,충무로역 6번출구
711,EV,서울 강동구 성내동 565,성내선광아파트
2164,GA,서울 송파구 문정동 641-3,문정동(대명타워)
823,GA,서울 강남구 논현동 11-18,신사역 1번출구(드림플러스)
977,GA,서울 구로구 오류1동 6-11,오류동역 A
2359,GA,서울 성북구 성북동1가 35-44,한성대입구역 5번출구
2154,GA,서울 강서구 내발산동 728,우장산 롯데1차아파트
2195,GA,서울 동대문구 신설동 101-2,경복대학교 산학협력관
2483,GA,서울 강동구 천호동 39-9,천호중학교 앞
1291,GA,서울 동대문구 답십리동 488-17,황물로사거리
144,EV,서울 노원구 공릉동 499-25,공릉1동 주민센터
699,GA,서울 송파구 석촌동 60,석촌고분 앞
2362,GA,서울 광진구 군자동 374-6,어린이대공원역 5번출구
763,GA,서울 강서구 화곡동 1026-12,쉐보레 강서화곡대리점
2328,GA,서울 강북구 미아동 734-286,CU 강북삼양점
702,GA,서울 송파구 송파동 18-11,석촌역 2번출구
1277,GA,서울 종로구 연건동 128-8,홍익대아트센터
221,GA,서울 강동구 길동 415-5,길동역 1번출구
228,GA,서울 성북구 하월곡동 104-112,길음역
47,GA,서울 금천구 가산동 60-15,가산디지털단지역 4번출구
10,GA,서울 강북구 미아동 127-7,KT강북지사
2115,EV,서울 마포구 성산동 134-2,가좌역 2번출구(가좌행복주택)
2529,GA,서울 서대문구 홍은동 4-19 앞,구립서대문노인전문요양센터 앞C
89,GA,서울 강서구 화곡동 995-3,강서구청 앞
675,GA,서울 중구 남대문로5가 581,서울역 10번출구(서울시티타워)
1193,GA,서울 양천구 목동 906-1,파리공원
490,GA,서울 관악구 신림동 597-145,미성동제4공영
1909,EV,서울 마포구 합정동 385-46,합정동 주민센터
1973,GA,서울 강남구 논현동 89,학동역 10번출구
1084,GA,서울 성북구 장위동 316-2,장월초등학교
1278,GA,서울 서대문구 홍제동 306-1,홍제역
838,GA,서울 양천구 신월동 226-9,신월동
2274,GA,서울 동작구 사당동 708-1188,남성역교차로 옆
684,GA,서울 서초구 방배동 475-29,서울이수초등학교 앞
1927,GA,서울 송파구 문정동 55-6,문정역 2번출구
1218,GA,서울 은평구 응암동 98-36,하이마트 은평점
1296,GA,서울 동대문구 회기동 346-18,회기역(베라체캠퍼스)
1019,GA,서울 강서구 화곡동 1165-1,우장산역 2번출구
598,GA,서울 동작구 상도동 521,상도동 더샵1차아파트
369,GA,서울 동작구 신대방2동 395,동작구민회관
2084,GA,서울 성동구 성수동2가 333-16,이마트 성수점
2473,GA,서울 동대문구 답십리동 1003-2,답십리사거리(세기프라자)
1098,GA,서울 용산구 원효로3가 51-28,전자랜드 용산본점
2487,GA,서울 성북구 보문동5가 146-7,GS칼텍스 동일
198,GA,서울 강남구 역삼동 790-6,구역삼세무서교차로
265,GA,서울 동작구 노량진동 151-18,노량진역 2번출구
943,GA,서울 강남구 역삼동 674-14,역삼역 8번출구 앞
680,GA,서울 중구 남대문로5가 267,서울역 8번출구(SK남산빌딩)
44,GA,서울 금천구 가산동 677,가산동 금천교(s)
536,GA,서울 동작구 신대방동 370-1,보라매역 2번출구(농심)
140,GA,서울 마포구 공덕동 467,공덕역 2번출구
2508,GA,서울 종로구 종로1가 33-1 앞,종로1가(노상)
643,TO,서울 강서구 화곡동 1120-13,서울강서경찰서 옆(새한주차장)
2255,GA,서울 양천구 신월동 988-1,신월문화체육센터 옆
2533,GA,서울 송파구 석촌동 24-14,잠실석촌호수나인파크 B동
2559,GA,서울 강서구 가양동 449-21,증미역 1번출구(한화비즈메트로2차)
71,TO,서울 강남구 삼성동 113-26,강남치매지원센터
2325,GA,서울 강남구 삼성동 142-41,롯데호텔L7 강남
522,GA,서울 강서구 방화동 830-4,방화역 1번출구
193,GA,서울 서초구 양재동 399,구룡공원
1951,GA,서울 서대문구 북가좌동 3-128,서울연가초등학교 뒤
406,GA,서울 강남구 역삼동 675-3,르네상스호텔 사거리
764,GA,서울 구로구 구로동 495-1,쉐보레 구로역대리점
676,GA,서울 중구 남대문로5가 827,서울역 10번출구(후암삼거리)
2342,GA,서울 마포구 서교동 353-2,홍대입구역 교차로(경남타워)
1081,GA,서울 동대문구 장안동 331-2,장안동사거리
39,GA,서울 송파구 가락동 98-1,가락시장역 3번출구
704,TO,서울 강남구 대치동 890-20,선릉역 1번출구
195,GA,서울 은평구 구산동 340-1,구산동공영주차장
2481,GA,서울 금천구 독산동 197-6,미림연립 옆
2299,GA,서울 양천구 신정동 324-3,신정동 굿모닝탑 앞
2466,GA,서울 중구 흥인동 13-1,신당역 11번출구(위브더제니스)
744,TO,서울 노원구 상계동 1268,수락산역
2291,GA,서울 양천구 목동 905-32,양천도서관 공영주차장
2448,GA,서울 마포구 서교동 468-32,청기와3 노상공영주차장
897,GA,서울 중구 신당동 349-234,약수역 4번출구
147,GA,서울 관악구 신림동 1514-6,관악 청소년회관 앞
2048,GA,서울 서대문구 창천동 18-23,신촌역 피델리아주차장
1985,GA,서울 중랑구 중화동 307-66,중화역 4번출구
53,GA,서울 강서구 가양동 1480-10,가양역
1868,GA,서울 중랑구 면목동 1510,면목 두산2단지아파트
128,GA,서울 성북구 종암동 29-26,고려대 교우회관
1929,GA,서울 서대문구 북아현동 1012,아현역푸르지오 2단지
2491,GA,서울 강북구 삼양역 2번출구,삼양역 2번출구
542,TO,서울 송파구 장지동 561-55,복정역 환승주차장
1076,GA,서울 동작구 상도동 188-19,장승배기역(동작경희병원)
1974,GA,서울 강서구 가양동 449-19,이마트 가양점
2366,GA,서울 강남구 도곡동 956,서브원 강남빌딩
2286,GA,서울 동작구 사당동 316-180,사당동 한백리츠빌
513,GA,서울 송파구 방이동 110-12,방이사거리(아넥스골프클럽)
1954,GA,서울 노원구 중계동 364-19,중계동학원가(삼부프라자)
701,GA,서울 송파구 송파동 85-3,석촌역
850,GA,서울 양천구 신정동 984-1,신정역 3번출구(신서고)
1101,GA,서울 성북구 정릉동 252-166,정릉동(건스빌)
519,TO,서울 강서구 방화동 817,방화동성아파트
652,GA,서울 영등포구 대림동 834-1,서울대동초등학교
314,GA,서울 강남구 대치동 982-10,대치2동 주민센터 앞
2236,GA,서울 은평구 신사동 1-55,서울기독대학교 옆
953,GA,서울 은평구 불광동 322-2,연신내역
414,GA,서울 성동구 마장동 790-15,마장역 3번출구
34,GA,서울 노원구 하계동 243-3,SK주유소 하계점
262,GA,서울 동작구 노량진동 330,노량진 삼익아파트
1152,GA,서울 강북구 미아동 1355,창문여고 뒤
2520,GA,서울 강동구 길동 446,강동성심병원
86,TO,서울 양천구 신월5동 21-1,강서교육청
294,GA,서울 영등포구 당산동5가 9-2,당산역(삼성쉐르빌)
663,TO,서울 성동구 성수동1가 656-1212,서울숲역 1번출구(COW&DOG)
470,GA,서울 양천구 신정동 992-1,목동역 8번출구
788,GA,서울 중구 신당동 140-29,신당역 공영주차장
601,GA,서울 동작구 상도동 460,상도패리스아파트
2503,GA,서울 영등포구 여의도동 10-1,GS칼텍스 여의도주유소
903,TO,서울 강남구 도곡동 922,양재언주초교지하주차장
388,GA,서울 성동구 금호동2가 1216,래미안 하이리버2단지
2261,GA,서울 강남구 대치동 937,롯데백화점 강남점
1212,GA,서울 중랑구 망우동 489-28,망우역 1번출구
2030,EV,서울 용산구 한강로3가 40-999(달주차장),용산 아이파크몰(달주차장)
2350,GA,서울 중랑구 중화동 315-79,태릉시장 뒤
304,EV,서울 영등포구 신길동 69-39,대방역 4번출구
923,GA,서울 강남구 역삼동 627-5,언주역 7번출구
2459,GA,서울 종로구 부암동 182-1,상명대 앞
2134,EV,서울 마포구 상암동 1655,상암월드컵파크4단지
1057,GA,서울 용산구 이태원동 119-25,이태원역 해밀톤호텔
3,GA,서울 구로구 구로동 573,AK플라자 구로본점
901,GA,서울 서초구 양재동 269-2,양재동(삼호주차장)
627,TO,서울 마포구 신수동 93-35,서강대역 1번출구(환승주차장)
1931,GA,서울 성북구 하월곡동 225-1,월곡1동 주민센터 옆
741,GA,서울 송파구 송파동 99-1,송파역 1번출구
1247,GA,서울 금천구 가산동 60-8,현대아울렛 가산점
2541,GA,서울 구로구개봉동 137-2,개봉1동 주민센터 앞
1852,EV,서울 서초구 서초동 1666-17,교대역 13번출구
1991,GA,서울 마포구 도화동 16-1,공덕역 1번출구
1141,GA,서울 중랑구 중화동 304-2,중화역
1181,GA,서울 서대문구 홍은동 345-3,충암초등학교 옆
214,TO,서울 금천구 시흥동 1020,금천구청
1179,GA,서울 중구 필동2가 19-19,충무로역(동국대)
1298,GA,서울 동대문구 휘경동 283-5,회기역(삼육서울병원)
338,EV,서울 금천구 독산동 1006-94,독산1동 공영주차장
951,GA,서울 마포구 연남동 493-50,연남동(가버나움)
530,GA,서울 강북구 번동 148-380,번동
498,GA,서울 강북구 미아동 1351,미아역 5번출구
885,GA,서울 강동구 암사1동 473-3,암사역 1번출구
2089,GA,서울 동대문구 용두동 118-20,서울동부병원
2295,GA,서울 강남구 삼성동 142-43,선릉역 강남파이낸스플라자
870,GA,서울 도봉구 창동 655-15,쌍문역
1143,GA,서울 강서구 등촌동 629-7,증미역 4번출구
2378,GA,서울 성동구 마장동 439-9,마장동 한우촌(한빛빌딩)
2159,GA,서울 마포구 아현동 772,마포경찰서 옆
2565,GA,서울 관악구 신림동 463-70,신림동 거주자우선주차구역
2016,GA,서울 서초구 서초동 1457-2,남부터미널역 5번출구
688,GA,서울 은평구 녹번동 7,서울혁신파크 우편취급국 앞
597,GA,서울 동작구 상도동 414,상도건영아파트
2027,GA,서울 영등포구 영등포동4가 123,영등포청과시장교차로
464,GA,서울 양천구 목동 915,목동 공영주차장
2500,GA,서울 광진구 중곡동 255-9,중곡동 에스하임
1039,GA,서울 은평구 응암3동 580-4,응암공영주차장
859,GA,서울 서대문구 대현동 121-9,신촌기차역 광장
604,GA,서울 중랑구 상봉동 110-38,상봉시장 앞
1287,GA,서울 노원구 공릉동 90-4,서울여대 앞C
2136,TO,서울 동대문구 전농동 6,전농동(전농우성아파트)
456,GA,서울 강동구 명일동 312-250,명일역
963,TO,서울 영등포구 영등포동4가 442-2,영등포 타임스퀘어 옆
1962,GA,서울 마포구 서교동 447-17,아만티호텔 서울
546,GA,서울 관악구 봉천동 931-3,봉천동2
477,GA,서울 중구 충무로5가 21,묵정공원
623,GA,서울 은평구 신사동 194,새절역 3번출구
626,GA,서울 마포구 신수동 63-18,서강대
1161,TO,서울 강동구 성내동 57-12,천호역
2527,GA,서울 동작구 노량진동 128-15,어바니엘 한강
335,GA,서울 종로구 무악동 82,독립문역 2번출구
1286,TO,서울 중랑구 묵동 28,화랑대역
1901,TO,서울 성북구 하월곡동 222-1,월곡두산위브아파트
1159,GA,서울 강동구 천호동 361,천호공원 앞
2116,TO,서울 성북구 삼선동3가 43-1,경동고등학교
136,TO,서울 강서구 화곡8동 890,곰달래문화복지관
2341,GA,서울 용산구 한남동 628-1,용산 한남오거리
261,GA,서울 동작구 본동 5-5,노들역
606,GA,서울 중랑구 상봉동 83-1,상봉터미널
816,GA,서울 관악구 신림동 1456-3,신림역5번출구
283,EV,서울 중구 신당동 432-1910,다산아트공영주차장
447,GA,서울 중랑구 면목동 116-1,면목본동 주민센터 앞
63,GA,서울 강남구 역삼동 825-20,강남역 1번출구
113,GA,서울 광진구 화양동 49-9,건대입구역 1번출구
2020,EV,서울 마포구 망원동 418-43,망원한강공원입구교차로
494,GA,서울 강북구 미아동 42-9,미아사거리
888,GA,서울 강남구 신사동 664-23,압구정로데오역 5번출구
1166,GA,서울 중구 신당4동 330-17,청구역 3번출구
1839,GA,서울 중랑구 망우동 147-23,GS칼텍스 소망
2214,GA,서울 송파구 거여동 291,거여2단지아파트
1043,GA,서울 은평구 역촌동 85-41,응암역 2번출구
2387,GA,서울 강서구 마곡동 757,마곡 더랜드파크
2015,GA,서울 종로구 내수동 73,광화문역 1번출구(경희궁의아침4단지)
2300,GA,서울 노원구 하계1동 67-1,서울과학기술대학교 뒤C
2242,GA,서울 구로구 고척동 264-31,고척근린공원
1115,TO,서울 종로구 종로4가 32-7,종로3가역
186,TO,서울 구로구 구로동 810-3,구로디지털역 공영주차장
337,GA,서울 은평구 불광동 13-5,독바위역
1126,GA,서울 노원구 중계동 597,중계 경남아너스빌
2235,GA,서울 영등포구 당산동3가 2-7,영등포경찰서 옆
418,GA,서울 송파구 마천동 364-5,마천역(2공영)
1961,GA,서울 영등포구 신길동 625-1,보라매역 6번출구
2489,GA,서울 강북구 미아동 797,삼양역 1번출구(래미안미아1차)
671,GA,서울 도봉구 창3동 504-21,서울신화초등학교
851,GA,서울 강서구 화곡동 872-36,신정초교 앞
886,GA,서울 강동구 암사동 502-19,암사역 4번출구
264,GA,서울 동작구 노량진1동 59-35,노량진역
1074,GA,서울 송파구 잠실동 232-16,잠전초교 앞
1032,TO,서울 은평구 응암동 96-1,은평구청입구 교차로
1812,GA,서울 송파구 방이동 22-3,송파구청교차로
1874,EV,서울 은평구 불광동 643,북한산힐스테이트7차
896,GA,서울 중구 신당동 432-1584,약수역 10번출구
915,GA,서울 영등포구 양평동2가 40-9,양평역 2번출구
421,GA,서울 마포구 망원동 450-3,마포구민체육센터
482,GA,서울 송파구 문정동 2-5,문정시영아파트 앞
308,GA,서울 강남구 세곡동 517,대왕초등학교
898,GA,서울 서초구 양재동 301-6,양재 구룡공영주차장
2313,GA,서울 성북구 정릉동 408-13,정릉동
481,GA,서울 영등포구 문래동3가 55-5,문래역 5번출구
1056,GA,서울 용산구 한남동 737-37  ,이태원역 2번출구
254,GA,서울 서초구 서초동 1600-2,남부터미널역 6번출구(담이주차장)
669,GA,서울 중구 서소문동 37,서울시청 서소문청사
288,GA,서울 관악구 봉천동 738-253,당곡중학교
1033,GA,서울 은평구 녹번동 85-4,은평문화예술회관
840,GA,서울 양천구 신월동 170-6,양서중학교 뒤
1028,GA,서울 관악구 봉천동 42-1,은천삼거리
965,TO,서울 영등포구 당산동3가 370-3,영등포구청역
2272,GA,서울 중구 태평로2가,시청역 8번출구(나눔카존)
205,GA,서울 강남구 역삼동 648-19,국기원입구사거리
551,EV,서울 은평구 불광동 81-2,불광2동 주민센터
1089,GA,서울 동대문구 장안동 407-8,장한평역 1번출구
14,GA,서울 광진구 자양동 781-1,KT광진지사
516,GA,서울 도봉구 방학1동 691-7,방학동 신한은행
976,GA,서울 구로구 오류동 47-1,오류동역 3번출구(삼익쇼핑센터)
458,GA,서울 서대문구 남가좌동 50-3,명지대
1831,GA,서울 광진구 자양동 779-7,GS칼텍스 구의스타(스타자양)
485,GA,서울 송파구 문정동 51-1 앞,문정역 근린공원
794,GA,서울 동작구 상도3동 324-1,신대방삼거리역 1번출구
2468,GA,서울 강북구 우이동 105-2,솔밭공원역 2번출구
37,GA,서울 송파구 가락동 77-3,가락본동 주민센터
203,GA,서울 광진구 자양동 680-2,구의역 4번출구
2102,GA,서울 강남구 논현동 40,학동공원 앞
2194,GA,서울 금천구 시흥동 3-129,시흥동 효봉공영주차장
2207,GA,서울 은평구 구산동 317-24,구산동 거주자우선주차구역
1129,GA,서울 노원구 중계4동 157-71,중계초등학교 뒤
1088,GA,서울 중구 장충동2가 186-54,장충문화체육센터(그랜드앰버서더)
279,GA,서울 서초구 반포동 707,논현역 3번출구
986,GA,서울 성동구 옥수동 377-5 앞,옥수역
1011,GA,서울 용산구 한강로3가 19-2,용산역(제3공영주차장)
495,GA,서울 강북구 미아동 60-16,미아사거리역 6번출구
2213,EV,서울 성북구 정릉동 428,SK주유소 북악점
403,GA,서울 동대문구 전농동 591-53,롯데백화점 청량리
2322,GA,서울 서대문구 창천동 70-34,연세대교차로
2485,GA,서울 성동구 옥수동 560,옥수역 어울림더리버 상가
284,GA,서울 동대문구 답십리동 530-8,답십리역 1번출구
1176,GA,서울 서대문구 북아현동 1-238,추계예대 앞
545,GA,서울 관악구 봉천동 1537-3,봉천동
1079,GA,서울 동대문구 장안동 458-8,장안동
1306,GA,서울 동작구 흑석동 105,흑석역
2381,GA,서울 양천구 목동 807-1,홍익병원앞 교차로
1162,GA,서울 강동구 천호2동 425-5,천호역 3번출구
2532,GA,서울 송파구 석촌동 24,잠실석촌호수나인파크 A동
467,GA,서울 양천구 신정동 884-8,목동역 1번출구
2095,TO,서울 광진구 광장동 26-3,워커힐 호텔
761,GA,서울 동작구 상도동 511,숭실대학교
102,GA,서울 성북구 안암동5가 12-128,개운사(고려대)
2199,GA,서울 서대문구 신촌동 134  ,연세대학교C
2001,GA,서울 강남구 역삼동 725-6,역삼역 1번출구(스타뷰빌라)
1271,GA,서울 마포구 서교동 460-32,홍대입구역
138,EV,서울 마포구 공덕동 11-243,공덕1-1공영
759,GA,서울 용산구 청파동3가 115-21,숙명여대
800,TO,서울 관악구 신림동 516,신대방역 1번출구
2412,GA,서울 금천구 시흥동 266-2875,금천구사회적경제허브센터
411,GA,서울 강서구 내발산동 750-10,마곡수명산파크 앞
1274,GA,서울 마포구 동교동 165-8,홍대입구역 9번출구
281,TO,서울 강남구 논현동 168,논현초교지하주차장
268,GA,서울 노원구 상계동 358-4,노원역 10번출구
638,GA,서울 서대문구 충정로2가 191,서대문역(경기대입구)
1229,GA,서울 성북구 삼선동4가 18-6,한성대입구역 1번출구
2333,EV,서울 마포구 망원동 428-5,서울동교초 옆
370,GA,서울 동작구 노량진2동 47-2,동작구청
2376,GA,서울 은평구 갈현동 499-25,갈현2동주민센터 옆
1111,GA,서울 종로구 인사동 119-1,종각역 11번출구
1003,GA,서울 용산구 도원동 4-5,용문동 주민센터
731,GA,서울 도봉구 쌍문2동 710-4,성원아파트사거리
1263,GA,서울 중랑구 상봉동 500,홈플러스 상봉점
2085,GA,서울 노원구 상계동 1008-34,CU 노원상계중앙점
444,GA,서울 중랑구 면목동 146-1,면목2동사거리
2482,GA,서울 용산구 한강로2가 16-2,용산역(선인상가 앞)
373,GA,서울 강동구 둔촌동 489-4,둔촌동역 1번출구
792,GA,서울 동작구 상도동 324-62,신대방삼거리
2368,GA,서울 강동구 천호동 산31,천호1동 주민센터 옆
457,GA,서울 강동구 명일동 324-14,명일역 4번출구
207,GA,서울 관악구 신림동 1578-2,국제신학대학원 옆
2143,GA,서울 금천구 가산동 60-25,가산디지털단지(에이스하이엔드타워6차)
936,GA,서울 강남구 역삼동 828-32,역삼동(강남주차장)
2000,GA,서울 성북구 안암동5가 12-128,개운사(고려대)C
1250,GA,서울 종로구 명륜2가 152-2,혜화역
78,GA,서울 송파구 풍납동 504-2,강동구청역 4번출구
8,GA,서울 강서구 화곡동 1093-76,K부설스포츠월드
739,GA,서울 강서구 공항동 12-3,송정역 2번출구
2523,GA,서울 강서구 외발산동 427,농수산식품공사 강서지사
2556,GA,서울 강동구 성내동 199-16,강동역 3번출구
1924,GA,서울 서초구 서초동 1328-3,강남역 5번출구
874,GA,서울 도봉구 쌍문동 25-50,쌍문청구아파트 앞
1980,GA,서울 송파구 방이동 65-7,방이삼거리
2507,GA,서울 종로구 신영동 10-15,신영동 삼거리C
727,GA,서울 성동구 성수동2가 308-4,성수역 4번출구
1963,GA,서울 서초구 잠원동 10-28,잠원동(CNH홈)
808,GA,서울 금천구 독산동 955,신도브래뉴아파트
319,GA,서울 도봉구 쌍문동 416-27,덕성여대
770,GA,서울 강동구 성내동 180-13,스피드메이트 성내점
1184,GA,서울 강남구 삼성동 159 (우측 입구),코엑스
756,GA,서울 용산구 청파동2가 91-1,숙대입구역 10번출구
1228,GA,서울 용산구 한남동 522-44,한남역 1번출구
390,GA,서울 금천구 독산동 295-10,롯데마트 VIC금천점
422,TO,서울 마포구 성산동 370,마포구청
200,GA,서울 광진구 구의동 199-18,구의동
2384,GA,서울 중구 북창동 93-42,소테츠호텔
2326,GA,서울 강동구 길동 155-2,신명초교입구교차로
2353,GA,서울 구로구 구로동 426-6,고대구로병원교차로
2379,GA,서울 강남구 삼성동 151-7,삼성중앙역 5번출구(SAC아트홀)
2511,GA,서울 관악구 봉천동 1589-13,관악구민회관
1239,GA,서울 마포구 서교동 384-8,합정역 9번출구
235,GA,서울 강서구 화곡동 421-22,까치산역 4번출구(백구주차장)
780,GA,서울 영등포구 영등포동1가 35,신길역 3번출구
548,GA,서울 중랑구 신내동 647,봉화산역(남)N
1830,GA,서울 강서구 화곡동 843-4,GS칼텍스 경인고속
2059,EV,서울 노원구 중계동 511-1,"중계2,3동 주민센터"
782,GA,서울 서초구 반포동 743-19,신논현역 1번출구
2338,GA,서울 송파구 가락동 99-4,가락시장역 3번출구 (제일오피스텔)
339,EV,서울 금천구 독산동 898-24,독산3동 공영주차장
1183,GA,서울 서대문구 충정로3가 470,충정로역 8번출구
2248,GA,서울 동작구 사당동 169-8,남성초등학교 옆(사당대림아파트)
2247,GA,서울 마포구 현석동 222,마포강변힐스테이트
1872,GA,서울 관악구 봉천동 1718,벽산블루밍1차아파트
880,GA,서울 광진구 능동 247-3,아차산역 5번출구
1937,GA,서울 송파구 문정동 652-1,문정역 3번출구
2031,GA,서울 종로구 종로2가 6,종각역 3번출구(종로타워)
1837,GA,서울 강동구 성내동 108-9,GS칼텍스 성내
2464,GA,서울 영등포구 신길4동 232-20,신길4동 마을공원공영주차장
413,GA,서울 금천구 가산동 60-52,마리오아울렛
95,GA,서울 강동구 강일동 686,강일리버파크7단지
150,GA,서울 중구 신당동 142-5,신당역 3번출구
1845,GA,서울 성북구 하월곡동 67-50,GS칼텍스 효성
852,GA,서울 용산구 신창동 53-1,신창동
2222,GA,"서울 중랑구 묵동 128-60,61,68,69",묵동 동일캐슬
2224,GA,서울 관악구 봉천동 1698-1,보라매 삼성아파트
410,GA,서울 강서구 마곡동 773-1,마곡 센트럴푸르지오
2024,GA,서울 강남구 신사동 662-12,압구정 로데오거리
561,GA,서울 동작구 사당동 1008-22,사당
664,GA,서울 성동구 성수동1가 656-950,서울숲역 1번출구(크레비스)
2432,GA,서울 종로구 낙원동 280,낙원상가 앞
2534,GA,서울 양천구 목동 538-18,목동 더존에이스빌
300,GA,서울 구로구 구로동 120-5,대림역 2번출구
2122,EV,서울 성북구 삼선동2가 420,삼선현대힐스테이트
2549,GA,서울 금천구 가산동 319,구로세관 앞
1171,GA,서울 동대문구 청량리동 235-4,청량리역 3번출구
359,GA,서울 중구 을지로6가 18-130,동대문역사문화공원역 13번출구(K-P오피스텔 HOTEL)
322,GA,서울 강남구 도곡동 467-13,도곡역 4번출구(군인공제회관)
278,GA,서울 강남구 논현동 123-11,논현역(논현1호공영)
1144,GA,서울 은평구 증산동 177-6,증산시장 앞
2118,GA,서울 은평구 불광동 631-1,불광초등학교 옆
277,GA,서울 강남구 논현동 122-8,논현역 1번출구
2283,GA,서울 관악구 신림동 475-61,관악 우방아파트 옆(소망빌)
2052,GA,서울 은평구 진관동 80-25,롯데몰 은평점
864,GA,서울 서대문구 창천동 29-90,신촌역 엘리트주차장
90,GA,서울 양천구 신월동 545-1,강월초교입구사거리
560,GA,서울 중랑구 면목3동 570,사가정역(까치공원)
926,GA,서울 은평구 진관동 65-22,에코테라스(윌슨파킹)
2079,GA,서울 은평구 증산동 164-22,증산역교차로
2096,GA,서울 은평구 녹번동 215,녹번역 4번출구
2264,GA,서울 서대문구 남가좌동 3-74,남가좌동 제이하우스
2558,GA,서울 강서구 가양동 449-4,증미역 1번출구(한화비즈메트로1차)
1816,GA,서울 성동구 용답동 67-1,답십리역 5번출구(호텔이노스테이)
499,GA,서울 강북구 미아동 207-24,미아역 8번출구
1061,GA,서울 강남구 일원본동 716-2,일원역
1225,GA,서울 용산구 한남동 728-27,한강진역
535,GA,서울 동작구 신대방동 425,보라매병원
124,GA,서울 구로구 구로동 704-12,고대구로병원 앞
2017,EV,서울 동작구 상도동 301-115,당곡중학교 뒤
993,GA,서울 성동구 행당동 293-11,왕십리역 10번출구
245,GA,서울 구로구 구로동 806-68,남구로역
